time,CH1,CH2
   0.000000,   1.600000,   3.520000
   0.000250,   1.560000,   3.520000
   0.000500,   1.480000,   3.520000
   0.000750,   1.440000,   3.520000
   0.001000,   1.360000,   3.520000
   0.001250,   1.280000,   3.520000
   0.001500,   1.200000,   3.520000
   0.001750,   1.160000,   3.520000
   0.002000,   1.080000,   3.520000
   0.002250,   1.000000,   3.520000
   0.002500,   0.920000,   3.520000
   0.002750,   0.880000,   3.520000
   0.003000,   0.800000,   3.520000
   0.003250,   0.720000,   3.520000
   0.003500,   0.640000,   3.520000
   0.003750,   0.600000,   3.520000
   0.004000,   0.520000,   3.520000
   0.004250,   0.440000,   3.520000
   0.004500,   0.360000,   3.520000
   0.004750,   0.280000,   3.520000
   0.005000,   0.200000,   3.520000
   0.005250,   0.120000,   3.520000
   0.005500,   0.080000,   3.520000
   0.005750,   0.000000,   3.520000
   0.006000,  -0.080000,   3.520000
   0.006250,  -0.160000,   3.520000
   0.006500,  -0.240000,   3.520000
   0.006750,  -0.320000,   3.520000
   0.007000,  -0.400000,   3.520000
   0.007250,  -0.440000,   3.520000
   0.007500,  -0.520000,   3.520000
   0.007750,  -0.600000,   3.520000
   0.008000,  -0.640000,   3.520000
   0.008250,  -0.720000,   3.520000
   0.008500,  -0.800000,   3.520000
   0.008750,  -0.880000,   3.520000
   0.009000,  -0.960000,   3.520000
   0.009250,  -1.000000,   3.520000
   0.009500,  -1.080000,   3.520000
   0.009750,  -1.160000,   3.520000
   0.010000,  -1.240000,   3.520000
   0.010250,  -1.280000,   3.520000
   0.010500,  -1.360000,   3.520000
   0.010750,  -1.400000,   3.520000
   0.011000,  -1.480000,   3.520000
   0.011250,  -1.520000,   3.520000
   0.011500,  -1.600000,   3.520000
   0.011750,  -1.640000,   3.520000
   0.012000,  -1.720000,   3.520000
   0.012250,  -1.760000,   3.520000
   0.012500,  -1.840000,   3.520000
   0.012750,  -1.880000,   3.520000
   0.013000,  -1.960000,   3.520000
   0.013250,  -2.000000,   3.520000
   0.013500,  -2.040000,   3.520000
   0.013750,  -2.120000,   3.520000
   0.014000,  -2.160000,   3.520000
   0.014250,  -2.200000,   3.520000
   0.014500,  -2.240000,   3.520000
   0.014750,  -2.280000,   3.520000
   0.015000,  -2.320000,   3.520000
   0.015250,  -2.360000,   3.520000
   0.015500,  -2.400000,   3.520000
   0.015750,  -2.440000,   3.520000
   0.016000,  -2.520000,   3.520000
   0.016250,  -2.520000,   3.520000
   0.016500,  -2.560000,   3.520000
   0.016750,  -2.600000,   3.520000
   0.017000,  -2.640000,   3.520000
   0.017250,  -2.640000,   3.520000
   0.017500,  -2.680000,   3.520000
   0.017750,  -2.720000,   3.520000
   0.018000,  -2.720000,   3.520000
   0.018250,  -2.760000,   3.520000
   0.018500,  -2.760000,   3.520000
   0.018750,  -2.800000,   3.520000
   0.019000,  -2.800000,   3.520000
   0.019250,  -2.800000,   3.520000
   0.019500,  -2.840000,   3.520000
   0.019750,  -2.840000,   3.520000
   0.020000,  -2.840000,   3.520000
   0.020250,  -2.840000,   3.520000
   0.020500,  -2.880000,   3.520000
   0.020750,  -2.880000,   3.520000
   0.021000,  -2.880000,   3.520000
   0.021250,  -2.880000,   3.520000
   0.021500,  -2.880000,   3.520000
   0.021750,  -2.880000,   3.520000
   0.022000,  -2.880000,   3.520000
   0.022250,  -2.880000,   3.520000
   0.022500,  -2.880000,   3.520000
   0.022750,  -2.840000,   3.520000
   0.023000,  -2.840000,   3.520000
   0.023250,  -2.840000,   3.520000
   0.023500,  -2.800000,   3.520000
   0.023750,  -2.800000,   3.520000
   0.024000,  -2.760000,   3.520000
   0.024250,  -2.760000,   3.520000
   0.024500,  -2.720000,   3.520000
   0.024750,  -2.720000,   3.520000
   0.025000,  -2.680000,   3.520000
   0.025250,  -2.640000,   3.520000
   0.025500,  -2.640000,   3.520000
   0.025750,  -2.600000,   3.520000
   0.026000,  -2.560000,   3.520000
   0.026250,  -2.520000,   3.520000
   0.026500,  -2.520000,   3.520000
   0.026750,  -2.440000,   3.520000
   0.027000,  -2.400000,   3.520000
   0.027250,  -2.360000,   3.520000
   0.027500,  -2.320000,   3.520000
   0.027750,  -2.280000,   3.520000
   0.028000,  -2.240000,   3.520000
   0.028250,  -2.200000,   3.520000
   0.028500,  -2.160000,   3.520000
   0.028750,  -2.120000,   3.520000
   0.029000,  -2.040000,   3.520000
   0.029250,  -2.000000,   3.520000
   0.029500,  -1.960000,   3.520000
   0.029750,  -1.880000,   3.520000
   0.030000,  -1.840000,   3.520000
   0.030250,  -1.760000,   3.520000
   0.030500,  -1.720000,   3.520000
   0.030750,  -1.640000,   3.520000
   0.031000,  -1.600000,   3.520000
   0.031250,  -1.520000,   3.520000
   0.031500,  -1.480000,   3.520000
   0.031750,  -1.400000,   3.520000
   0.032000,  -1.360000,   3.520000
   0.032250,  -1.280000,   3.520000
   0.032500,  -1.240000,   3.520000
   0.032750,  -1.160000,   3.520000
   0.033000,  -1.080000,   3.520000
   0.033250,  -1.000000,   3.520000
   0.033500,  -0.960000,   3.520000
   0.033750,  -0.880000,   3.520000
   0.034000,  -0.800000,   3.520000
   0.034250,  -0.720000,   3.520000
   0.034500,  -0.680000,   3.520000
   0.034750,  -0.600000,   3.520000
   0.035000,  -0.520000,   3.520000
   0.035250,  -0.440000,   3.520000
   0.035500,  -0.400000,   3.520000
   0.035750,  -0.320000,   3.520000
   0.036000,  -0.240000,   3.520000
   0.036250,  -0.160000,   3.520000
   0.036500,  -0.080000,   3.520000
   0.036750,   0.000000,   3.520000
   0.037000,   0.080000,   3.520000
   0.037250,   0.120000,   3.520000
   0.037500,   0.200000,   3.520000
   0.037750,   0.280000,   3.520000
   0.038000,   0.360000,   3.520000
   0.038250,   0.440000,   3.520000
   0.038500,   0.520000,   3.520000
   0.038750,   0.600000,   3.520000
   0.039000,   0.640000,   3.520000
   0.039250,   0.720000,   3.520000
   0.039500,   0.800000,   3.520000
   0.039750,   0.880000,   3.520000
   0.040000,   0.960000,   3.520000
   0.040250,   1.000000,   3.520000
   0.040500,   1.080000,   3.520000
   0.040750,   1.160000,   3.520000
   0.041000,   1.200000,   3.520000
   0.041250,   1.280000,   3.520000
   0.041500,   1.360000,   3.520000
   0.041750,   1.440000,   3.520000
   0.042000,   1.480000,   3.520000
   0.042250,   1.560000,   3.520000
   0.042500,   1.600000,   3.520000
   0.042750,   1.680000,   3.520000
   0.043000,   1.760000,   3.520000
   0.043250,   1.800000,   3.520000
   0.043500,   1.840000,   3.520000
   0.043750,   1.920000,   3.520000
   0.044000,   1.960000,   3.520000
   0.044250,   2.040000,   3.520000
   0.044500,   2.080000,   3.520000
   0.044750,   2.160000,   3.520000
   0.045000,   2.200000,   3.520000
   0.045250,   2.240000,   3.520000
   0.045500,   2.320000,   3.520000
   0.045750,   2.360000,   3.520000
   0.046000,   2.400000,   3.520000
   0.046250,   2.440000,   3.520000
   0.046500,   2.480000,   3.520000
   0.046750,   2.520000,   3.520000
   0.047000,   2.560000,   3.520000
   0.047250,   2.600000,   3.520000
   0.047500,   2.640000,   3.520000
   0.047750,   2.680000,   3.520000
   0.048000,   2.720000,   3.520000
   0.048250,   2.760000,   3.520000
   0.048500,   2.800000,   3.520000
   0.048750,   2.800000,   3.520000
   0.049000,   2.840000,   3.520000
   0.049250,   2.840000,   3.520000
   0.049500,   2.880000,   3.520000
   0.049750,   2.920000,   3.520000
   0.050000,   2.920000,   3.520000
   0.050250,   2.960000,   3.520000
   0.050500,   2.960000,   3.520000
   0.050750,   3.000000,   3.520000
   0.051000,   3.000000,   3.520000
   0.051250,   3.000000,   3.520000
   0.051500,   3.040000,   3.520000
   0.051750,   3.040000,   3.520000
   0.052000,   3.040000,   3.520000
   0.052250,   3.040000,   3.520000
   0.052500,   3.040000,   3.520000
   0.052750,   3.040000,   3.520000
   0.053000,   3.040000,   3.520000
   0.053250,   3.040000,   3.520000
   0.053500,   3.040000,   3.520000
   0.053750,   3.040000,   3.520000
   0.054000,   3.000000,   3.520000
   0.054250,   3.000000,   3.520000
   0.054500,   3.000000,   3.520000
   0.054750,   2.960000,   3.520000
   0.055000,   2.960000,   3.520000
   0.055250,   2.960000,   3.520000
   0.055500,   2.920000,   3.520000
   0.055750,   2.880000,   3.520000
   0.056000,   2.880000,   3.520000
   0.056250,   2.840000,   3.520000
   0.056500,   2.840000,   3.520000
   0.056750,   2.800000,   3.520000
   0.057000,   2.760000,   3.520000
   0.057250,   2.720000,   3.520000
   0.057500,   2.720000,   3.520000
   0.057750,   2.680000,   3.520000
   0.058000,   2.640000,   3.520000
   0.058250,   2.600000,   3.520000
   0.058500,   2.560000,   3.520000
   0.058750,   2.520000,   3.520000
   0.059000,   2.480000,   3.520000
   0.059250,   2.440000,   3.520000
   0.059500,   2.400000,   3.520000
   0.059750,   2.360000,   3.520000
   0.060000,   2.280000,   3.520000
   0.060250,   2.240000,   3.520000
   0.060500,   2.200000,   3.520000
   0.060750,   2.120000,   3.520000
   0.061000,   2.080000,   3.520000
   0.061250,   2.040000,   3.520000
   0.061500,   1.960000,   3.520000
   0.061750,   1.880000,   3.520000
   0.062000,   1.840000,   3.520000
   0.062250,   1.800000,   3.520000
   0.062500,   1.720000,   3.520000
   0.062750,   1.680000,   3.520000
   0.063000,   1.600000,   3.520000
   0.063250,   1.520000,   3.520000
   0.063500,   1.480000,   3.520000
   0.063750,   1.400000,   3.520000
   0.064000,   1.360000,   3.520000
   0.064250,   1.280000,   3.520000
   0.064500,   1.200000,   3.520000
   0.064750,   1.120000,   3.520000
   0.065000,   1.040000,   3.520000
   0.065250,   1.000000,   3.520000
   0.065500,   0.920000,   3.520000
   0.065750,   0.840000,   3.520000
   0.066000,   0.760000,   3.520000
   0.066250,   0.720000,   3.520000
   0.066500,   0.640000,   3.520000
   0.066750,   0.560000,   3.520000
   0.067000,   0.480000,   3.520000
   0.067250,   0.400000,   3.520000
   0.067500,   0.320000,   3.520000
   0.067750,   0.240000,   3.520000
   0.068000,   0.200000,   3.520000
   0.068250,   0.120000,   3.520000
   0.068500,   0.040000,   3.520000
   0.068750,  -0.040000,   3.520000
   0.069000,  -0.120000,   3.520000
   0.069250,  -0.200000,   3.520000
   0.069500,  -0.240000,   3.520000
   0.069750,  -0.320000,   3.520000
   0.070000,  -0.400000,   3.520000
   0.070250,  -0.480000,   3.520000
   0.070500,  -0.560000,   3.520000
   0.070750,  -0.640000,   3.520000
   0.071000,  -0.680000,   3.520000
   0.071250,  -0.760000,   3.520000
   0.071500,  -0.840000,   3.520000
   0.071750,  -0.880000,   3.520000
   0.072000,  -0.960000,   3.520000
   0.072250,  -1.040000,   3.520000
   0.072500,  -1.120000,   3.520000
   0.072750,  -1.160000,   3.520000
   0.073000,  -1.240000,   3.520000
   0.073250,  -1.320000,   3.520000
   0.073500,  -1.360000,   3.520000
   0.073750,  -1.440000,   3.520000
   0.074000,  -1.520000,   3.520000
   0.074250,  -1.560000,   3.520000
   0.074500,  -1.600000,   3.520000
   0.074750,  -1.680000,   3.520000
   0.075000,  -1.720000,   3.520000
   0.075250,  -1.760000,   3.520000
   0.075500,  -1.840000,   3.520000
   0.075750,  -1.920000,   3.520000
   0.076000,  -1.960000,   3.520000
   0.076250,  -2.000000,   3.520000
   0.076500,  -2.080000,   3.520000
   0.076750,  -2.120000,   3.520000
   0.077000,  -2.160000,   3.520000
   0.077250,  -2.200000,   3.520000
   0.077500,  -2.240000,   3.520000
   0.077750,  -2.280000,   3.520000
   0.078000,  -2.360000,   3.520000
   0.078250,  -2.400000,   3.520000
   0.078500,  -2.400000,   3.520000
   0.078750,  -2.440000,   3.520000
   0.079000,  -2.520000,   3.520000
   0.079250,  -2.520000,   3.520000
   0.079500,  -2.560000,   3.520000
   0.079750,  -2.600000,   3.520000
   0.080000,  -2.640000,   3.520000
   0.080250,  -2.640000,   3.520000
   0.080500,  -2.680000,   3.520000
   0.080750,  -2.720000,   3.520000
   0.081000,  -2.720000,   3.520000
   0.081250,  -2.760000,   3.520000
   0.081500,  -2.800000,   3.520000
   0.081750,  -2.800000,   3.520000
   0.082000,  -2.800000,   3.520000
   0.082250,  -2.840000,   3.520000
   0.082500,  -2.840000,   3.520000
   0.082750,  -2.840000,   3.520000
   0.083000,  -2.840000,   3.520000
   0.083250,  -2.880000,   3.520000
   0.083500,  -2.880000,   3.520000
   0.083750,  -2.880000,   3.520000
   0.084000,  -2.880000,   3.520000
   0.084250,  -2.880000,   3.520000
   0.084500,  -2.880000,   3.520000
   0.084750,  -2.880000,   3.520000
   0.085000,  -2.880000,   3.520000
   0.085250,  -2.880000,   3.520000
   0.085500,  -2.840000,   3.520000
   0.085750,  -2.840000,   3.520000
   0.086000,  -2.840000,   3.520000
   0.086250,  -2.840000,   3.520000
   0.086500,  -2.800000,   3.520000
   0.086750,  -2.800000,   3.520000
   0.087000,  -2.760000,   3.520000
   0.087250,  -2.720000,   3.520000
   0.087500,  -2.720000,   3.520000
   0.087750,  -2.680000,   3.520000
   0.088000,  -2.680000,   3.520000
   0.088250,  -2.640000,   3.520000
   0.088500,  -2.600000,   3.520000
   0.088750,  -2.560000,   3.520000
   0.089000,  -2.560000,   3.520000
   0.089250,  -2.520000,   3.520000
   0.089500,  -2.480000,   3.520000
   0.089750,  -2.440000,   3.520000
   0.090000,  -2.400000,   3.520000
   0.090250,  -2.360000,   3.520000
   0.090500,  -2.320000,   3.520000
   0.090750,  -2.280000,   3.520000
   0.091000,  -2.240000,   3.520000
   0.091250,  -2.200000,   3.520000
   0.091500,  -2.160000,   3.520000
   0.091750,  -2.080000,   3.520000
   0.092000,  -2.040000,   3.520000
   0.092250,  -2.000000,   3.520000
   0.092500,  -1.920000,   3.520000
   0.092750,  -1.880000,   3.520000
   0.093000,  -1.800000,   3.520000
   0.093250,  -1.760000,   3.520000
   0.093500,  -1.680000,   3.520000
   0.093750,  -1.640000,   3.520000
   0.094000,  -1.560000,   3.520000
   0.094250,  -1.520000,   3.520000
   0.094500,  -1.440000,   3.520000
   0.094750,  -1.400000,   3.520000
   0.095000,  -1.320000,   3.520000
   0.095250,  -1.280000,   3.520000
   0.095500,  -1.200000,   3.520000
   0.095750,  -1.160000,   3.520000
   0.096000,  -1.040000,   3.520000
   0.096250,  -1.000000,   3.520000
   0.096500,  -0.920000,   3.520000
   0.096750,  -0.880000,   3.520000
   0.097000,  -0.800000,   3.520000
   0.097250,  -0.720000,   3.520000
   0.097500,  -0.640000,   3.520000
   0.097750,  -0.600000,   3.520000
   0.098000,  -0.520000,   3.520000
   0.098250,  -0.440000,   3.520000
   0.098500,  -0.360000,   3.520000
   0.098750,  -0.280000,   3.520000
   0.099000,  -0.200000,   3.520000
   0.099250,  -0.160000,   3.520000
   0.099500,  -0.040000,   3.520000
   0.099750,   0.040000,   3.520000
   0.100000,   0.080000,   3.520000
   0.100250,   0.160000,   3.520000
   0.100500,   0.240000,   3.520000
   0.100750,   0.320000,   3.520000
   0.101000,   0.360000,   3.520000
   0.101250,   0.440000,   3.520000
   0.101500,   0.520000,   3.520000
   0.101750,   0.640000,   3.520000
   0.102000,   0.680000,   3.520000
   0.102250,   0.760000,   3.520000
   0.102500,   0.800000,   3.520000
   0.102750,   0.880000,   3.520000
   0.103000,   0.960000,   3.520000
   0.103250,   1.040000,   3.520000
   0.103500,   1.080000,   3.520000
   0.103750,   1.160000,   3.520000
   0.104000,   1.240000,   3.520000
   0.104250,   1.280000,   3.520000
   0.104500,   1.360000,   3.520000
   0.104750,   1.440000,   3.520000
   0.105000,   1.520000,   3.520000
   0.105250,   1.560000,   3.520000
   0.105500,   1.640000,   3.520000
   0.105750,   1.680000,   3.520000
   0.106000,   1.760000,   3.520000
   0.106250,   1.800000,   3.520000
   0.106500,   1.880000,   3.520000
   0.106750,   1.960000,   3.520000
   0.107000,   2.000000,   3.520000
   0.107250,   2.040000,   3.520000
   0.107500,   2.120000,   3.520000
   0.107750,   2.160000,   3.520000
   0.108000,   2.240000,   3.520000
   0.108250,   2.280000,   3.520000
   0.108500,   2.320000,   3.520000
   0.108750,   2.360000,   3.520000
   0.109000,   2.400000,   3.520000
   0.109250,   2.440000,   3.520000
   0.109500,   2.480000,   3.520000
   0.109750,   2.560000,   3.520000
   0.110000,   2.560000,   3.520000
   0.110250,   2.600000,   3.520000
   0.110500,   2.680000,   3.520000
   0.110750,   2.680000,   3.520000
   0.111000,  -1.400000,   3.520000
   0.111250,  -1.480000,   3.520000
   0.111500,  -1.520000,   3.520000
   0.111750,  -1.600000,   3.520000
   0.112000,  -1.640000,   3.520000
   0.112250,  -1.720000,   3.520000
   0.112500,  -1.760000,   3.520000
   0.112750,  -1.840000,   3.520000
   0.113000,  -1.880000,   3.520000
   0.113250,  -1.960000,   3.520000
   0.113500,  -2.000000,   3.520000
   0.113750,  -2.080000,   3.520000
   0.114000,  -2.080000,   3.520000
   0.114250,  -2.160000,   3.520000
   0.114500,  -2.200000,   3.520000
   0.114750,  -2.240000,   3.520000
   0.115000,  -2.280000,   3.520000
   0.115250,  -2.320000,   3.520000
   0.115500,  -2.360000,   3.520000
   0.115750,  -2.400000,   3.520000
   0.116000,  -2.440000,   3.520000
   0.116250,  -2.480000,   3.520000
   0.116500,  -2.520000,   3.520000
   0.116750,  -2.560000,   3.520000
   0.117000,  -2.600000,   3.520000
   0.117250,  -2.640000,   3.520000
   0.117500,  -2.640000,   3.520000
   0.117750,  -2.680000,   3.520000
   0.118000,  -2.680000,   3.520000
   0.118250,  -2.720000,   3.520000
   0.118500,  -2.760000,   3.520000
   0.118750,  -2.800000,   3.520000
   0.119000,  -2.800000,   3.520000
   0.119250,  -2.800000,   3.520000
   0.119500,  -2.840000,   3.520000
   0.119750,  -2.840000,   3.520000
   0.120000,  -2.840000,   3.520000
   0.120250,  -2.840000,   3.520000
   0.120500,  -2.880000,   3.520000
   0.120750,  -2.880000,   3.520000
   0.121000,  -2.880000,   3.520000
   0.121250,  -2.880000,   3.520000
   0.121500,  -2.880000,   3.520000
   0.121750,  -2.880000,   3.520000
   0.122000,  -2.880000,   3.520000
   0.122250,  -2.880000,   3.520000
   0.122500,  -2.880000,   3.520000
   0.122750,  -2.880000,   3.520000
   0.123000,  -2.840000,   3.520000
   0.123250,  -2.840000,   3.520000
   0.123500,  -2.840000,   3.520000
   0.123750,  -2.800000,   3.520000
   0.124000,  -2.800000,   3.520000
   0.124250,  -2.760000,   3.520000
   0.124500,  -2.760000,   3.520000
   0.124750,  -2.720000,   3.520000
   0.125000,  -2.720000,   3.520000
   0.125250,  -2.680000,   3.520000
   0.125500,  -2.640000,   3.520000
   0.125750,  -2.640000,   3.520000
   0.126000,  -2.600000,   3.520000
   0.126250,  -2.560000,   3.520000
   0.126500,  -2.520000,   3.520000
   0.126750,  -2.480000,   3.520000
   0.127000,  -2.440000,   3.520000
   0.127250,  -2.400000,   3.520000
   0.127500,  -2.360000,   3.520000
   0.127750,  -2.320000,   3.520000
   0.128000,  -2.280000,   3.520000
   0.128250,  -2.240000,   3.520000
   0.128500,  -2.200000,   3.520000
   0.128750,  -2.160000,   3.520000
   0.129000,  -2.120000,   3.520000
   0.129250,  -2.080000,   3.520000
   0.129500,  -2.000000,   3.520000
   0.129750,  -1.960000,   3.520000
   0.130000,  -1.920000,   3.520000
   0.130250,  -1.840000,   3.520000
   0.130500,  -1.760000,   3.520000
   0.130750,  -1.720000,   3.520000
   0.131000,  -1.680000,   3.520000
   0.131250,  -1.600000,   3.520000
   0.131500,  -1.520000,   3.520000
   0.131750,  -1.480000,   3.520000
   0.132000,  -1.400000,   3.520000
   0.132250,  -1.360000,   3.520000
   0.132500,  -1.280000,   3.520000
   0.132750,  -1.240000,   3.520000
   0.133000,  -1.160000,   3.520000
   0.133250,  -1.080000,   3.520000
   0.133500,  -1.040000,   3.520000
   0.133750,  -0.960000,   3.520000
   0.134000,  -0.880000,   3.520000
   0.134250,  -0.800000,   3.520000
   0.134500,  -0.720000,   3.520000
   0.134750,  -0.680000,   3.520000
   0.135000,  -0.600000,   3.520000
   0.135250,  -0.520000,   3.520000
   0.135500,  -0.480000,   3.520000
   0.135750,  -0.400000,   3.520000
   0.136000,  -0.320000,   3.520000
   0.136250,  -0.240000,   3.520000
   0.136500,  -0.160000,   3.520000
   0.136750,  -0.080000,   3.520000
   0.137000,  -0.040000,   3.520000
   0.137250,   0.080000,   3.520000
   0.137500,   0.120000,   3.520000
   0.137750,   0.200000,   3.520000
   0.138000,   0.280000,   3.520000
   0.138250,   0.360000,   3.520000
   0.138500,   0.400000,   3.520000
   0.138750,   0.520000,   3.520000
   0.139000,   0.560000,   3.520000
   0.139250,   0.640000,   3.520000
   0.139500,   0.720000,   3.520000
   0.139750,   0.760000,   3.520000
   0.140000,   0.840000,   3.520000
   0.140250,   0.920000,   3.520000
   0.140500,   1.000000,   3.520000
   0.140750,   1.080000,   3.520000
   0.141000,   1.120000,   3.520000
   0.141250,   1.200000,   3.520000
   0.141500,   1.280000,   3.520000
   0.141750,   1.360000,   3.520000
   0.142000,   1.440000,   3.520000
   0.142250,   1.480000,   3.520000
   0.142500,   1.560000,   3.520000
   0.142750,   1.600000,   3.520000
   0.143000,   1.680000,   3.520000
   0.143250,   1.760000,   3.520000
   0.143500,   1.800000,   3.520000
   0.143750,   1.840000,   3.520000
   0.144000,   1.920000,   3.520000
   0.144250,   1.960000,   3.520000
   0.144500,   2.040000,   3.520000
   0.144750,   2.080000,   3.520000
   0.145000,   2.160000,   3.520000
   0.145250,   2.200000,   3.520000
   0.145500,   2.240000,   3.520000
   0.145750,   2.320000,   3.520000
   0.146000,   2.360000,   3.520000
   0.146250,   2.400000,   3.520000
   0.146500,   2.440000,   3.520000
   0.146750,   2.480000,   3.520000
   0.147000,   2.520000,   3.520000
   0.147250,   2.560000,   3.520000
   0.147500,   2.600000,   3.520000
   0.147750,   2.640000,   3.520000
   0.148000,   2.680000,   3.520000
   0.148250,   2.720000,   3.520000
   0.148500,   2.760000,   3.520000
   0.148750,   2.800000,   3.520000
   0.149000,   2.800000,   3.520000
   0.149250,   2.840000,   3.520000
   0.149500,   2.880000,   3.520000
   0.149750,   2.880000,   3.520000
   0.150000,   2.920000,   3.520000
   0.150250,   2.920000,   3.520000
   0.150500,   2.960000,   3.520000
   0.150750,   2.960000,   3.520000
   0.151000,   3.000000,   3.520000
   0.151250,   3.000000,   3.520000
   0.151500,   3.000000,   3.520000
   0.151750,   3.000000,   3.520000
   0.152000,   3.040000,   3.520000
   0.152250,   3.040000,   3.520000
   0.152500,   3.040000,   3.520000
   0.152750,   3.040000,   3.520000
   0.153000,   3.040000,   3.520000
   0.153250,   3.040000,   3.520000
   0.153500,   3.040000,   3.520000
   0.153750,   3.040000,   3.520000
   0.154000,   3.040000,   3.520000
   0.154250,   3.000000,   3.520000
   0.154500,   3.000000,   3.520000
   0.154750,   3.000000,   3.520000
   0.155000,   3.000000,   3.520000
   0.155250,   2.960000,   3.520000
   0.155500,   2.960000,   3.520000
   0.155750,   2.920000,   3.520000
   0.156000,   2.920000,   3.520000
   0.156250,   2.880000,   3.520000
   0.156500,   2.840000,   3.520000
   0.156750,   2.840000,   3.520000
   0.157000,   2.800000,   3.520000
   0.157250,   2.800000,   3.520000
   0.157500,   2.760000,   3.520000
   0.157750,   2.720000,   3.520000
   0.158000,   2.680000,   3.520000
   0.158250,   2.640000,   3.520000
   0.158500,   2.600000,   3.520000
   0.158750,   2.560000,   3.520000
   0.159000,   2.520000,   3.520000
   0.159250,   2.480000,   3.520000
   0.159500,   2.440000,   3.520000
   0.159750,   2.400000,   3.520000
   0.160000,   2.320000,   3.520000
   0.160250,   2.280000,   3.520000
   0.160500,   2.240000,   3.520000
   0.160750,   2.200000,   3.520000
   0.161000,   2.160000,   3.520000
   0.161250,   2.080000,   3.520000
   0.161500,   2.040000,   3.520000
   0.161750,   1.960000,   3.520000
   0.162000,   1.880000,   3.520000
   0.162250,   1.840000,   3.520000
   0.162500,   1.800000,   3.520000
   0.162750,   1.720000,   3.520000
   0.163000,   1.680000,   3.520000
   0.163250,   1.600000,   3.520000
   0.163500,   1.560000,   3.520000
   0.163750,   1.480000,   3.520000
   0.164000,   1.400000,   3.520000
   0.164250,   1.360000,   3.520000
   0.164500,   1.280000,   3.520000
   0.164750,   1.200000,   3.520000
   0.165000,   1.120000,   3.520000
   0.165250,   1.080000,   3.520000
   0.165500,   1.000000,   3.520000
   0.165750,   0.920000,   3.520000
   0.166000,   0.840000,   3.520000
   0.166250,   0.760000,   3.520000
   0.166500,   0.720000,   3.520000
   0.166750,   0.640000,   3.520000
   0.167000,   0.560000,   3.520000
   0.167250,   0.520000,   3.520000
   0.167500,   0.440000,   3.520000
   0.167750,   0.360000,   3.520000
   0.168000,   0.280000,   3.520000
   0.168250,   0.200000,   3.520000
   0.168500,   0.120000,   3.520000
   0.168750,   0.040000,   3.520000
   0.169000,  -0.040000,   3.520000
   0.169250,  -0.080000,   3.520000
   0.169500,  -0.200000,   3.520000
   0.169750,  -0.280000,   3.520000
   0.170000,  -0.320000,   3.520000
   0.170250,  -0.400000,   3.520000
   0.170500,  -0.480000,   3.520000
   0.170750,  -0.520000,   3.520000
   0.171000,  -0.600000,   3.520000
   0.171250,  -0.680000,   3.520000
   0.171500,  -0.720000,   3.520000
   0.171750,  -0.800000,   3.520000
   0.172000,  -0.880000,   3.520000
   0.172250,  -0.960000,   3.520000
   0.172500,  -1.040000,   3.520000
   0.172750,  -1.080000,   3.520000
   0.173000,  -1.160000,   3.520000
   0.173250,  -1.240000,   3.520000
   0.173500,  -1.280000,   3.520000
   0.173750,  -1.360000,   3.520000
   0.174000,  -1.440000,   3.520000
   0.174250,  -1.480000,   3.520000
   0.174500,  -1.520000,   3.520000
   0.174750,  -1.600000,   3.520000
   0.175000,  -1.680000,   3.520000
   0.175250,  -1.720000,   3.520000
   0.175500,  -1.760000,   3.520000
   0.175750,  -1.840000,   3.520000
   0.176000,  -1.920000,   3.520000
   0.176250,  -1.960000,   3.520000
   0.176500,  -2.000000,   3.520000
   0.176750,  -2.040000,   3.520000
   0.177000,  -2.120000,   3.520000
   0.177250,  -2.160000,   3.520000
   0.177500,  -2.200000,   3.520000
   0.177750,  -2.240000,   3.520000
   0.178000,  -2.280000,   3.520000
   0.178250,  -2.320000,   3.520000
   0.178500,  -2.360000,   3.520000
   0.178750,  -2.400000,   3.520000
   0.179000,  -2.480000,   3.520000
   0.179250,  -2.520000,   3.520000
   0.179500,  -2.520000,   3.520000
   0.179750,  -2.560000,   3.520000
   0.180000,  -2.600000,   3.520000
   0.180250,  -2.640000,   3.520000
   0.180500,  -2.640000,   3.520000
   0.180750,  -2.680000,   3.520000
   0.181000,  -2.720000,   3.520000
   0.181250,  -2.720000,   3.520000
   0.181500,  -2.760000,   3.520000
   0.181750,  -2.800000,   3.520000
   0.182000,  -2.800000,   3.520000
   0.182250,  -2.800000,   3.520000
   0.182500,  -2.840000,   3.520000
   0.182750,  -2.840000,   3.520000
   0.183000,  -2.840000,   3.520000
   0.183250,  -2.840000,   3.520000
   0.183500,  -2.880000,   3.520000
   0.183750,  -2.880000,   3.520000
   0.184000,  -2.880000,   3.520000
   0.184250,  -2.880000,   3.520000
   0.184500,  -2.880000,   3.520000
   0.184750,  -2.880000,   3.520000
   0.185000,  -2.880000,   3.520000
   0.185250,  -2.880000,   3.520000
   0.185500,  -2.840000,   3.520000
   0.185750,  -2.840000,   3.520000
   0.186000,  -2.840000,   3.520000
   0.186250,  -2.840000,   3.520000
   0.186500,  -2.840000,   3.520000
   0.186750,  -2.800000,   3.520000
   0.187000,  -2.800000,   3.520000
   0.187250,  -2.760000,   3.520000
   0.187500,  -2.760000,   3.520000
   0.187750,  -2.720000,   3.520000
   0.188000,  -2.720000,   3.520000
   0.188250,  -2.680000,   3.520000
   0.188500,  -2.640000,   3.520000
   0.188750,  -2.640000,   3.520000
   0.189000,  -2.600000,   3.520000
   0.189250,  -2.560000,   3.520000
   0.189500,  -2.520000,   3.520000
   0.189750,  -2.480000,   3.520000
   0.190000,  -2.440000,   3.520000
   0.190250,  -2.400000,   3.520000
   0.190500,  -2.360000,   3.520000
   0.190750,  -2.320000,   3.520000
   0.191000,  -2.280000,   3.520000
   0.191250,  -2.240000,   3.520000
   0.191500,  -2.200000,   3.520000
   0.191750,  -2.160000,   3.520000
   0.192000,  -2.080000,   3.520000
   0.192250,  -2.040000,   3.520000
   0.192500,  -2.000000,   3.520000
   0.192750,  -1.960000,   3.520000
   0.193000,  -1.880000,   3.520000
   0.193250,  -1.840000,   3.520000
   0.193500,  -1.760000,   3.520000
   0.193750,  -1.680000,   3.520000
   0.194000,  -1.640000,   3.520000
   0.194250,  -1.600000,   3.520000
   0.194500,  -1.520000,   3.520000
   0.194750,  -1.440000,   3.520000
   0.195000,  -1.400000,   3.520000
   0.195250,  -1.320000,   3.520000
   0.195500,  -1.280000,   3.520000
   0.195750,  -1.200000,   3.520000
   0.196000,  -1.120000,   3.520000
   0.196250,  -1.080000,   3.520000
   0.196500,  -1.000000,   3.520000
   0.196750,  -0.920000,   3.520000
   0.197000,  -0.880000,   3.520000
   0.197250,  -0.760000,   3.520000
   0.197500,  -0.720000,   3.520000
   0.197750,  -0.640000,   3.520000
   0.198000,  -0.600000,   3.520000
   0.198250,  -0.520000,   3.520000
   0.198500,  -0.440000,   3.520000
   0.198750,  -0.360000,   3.520000
   0.199000,  -0.320000,   3.520000
   0.199250,  -0.200000,   3.520000
   0.199500,  -0.160000,   3.520000
   0.199750,  -0.080000,   3.520000
   0.200000,   0.040000,   3.520000
   0.200250,   0.080000,   3.520000
   0.200500,   0.160000,   3.520000
   0.200750,   0.200000,   3.520000
   0.201000,   0.320000,   3.520000
   0.201250,   0.360000,   3.520000
   0.201500,   0.440000,   3.520000
   0.201750,   0.520000,   3.520000
   0.202000,   0.600000,   3.520000
   0.202250,   0.680000,   3.520000
   0.202500,   0.720000,   3.520000
   0.202750,   0.800000,   3.520000
   0.203000,   0.880000,   3.520000
   0.203250,   0.960000,   3.520000
   0.203500,   1.000000,   3.520000
   0.203750,   1.080000,   3.520000
   0.204000,   1.160000,   3.520000
   0.204250,   1.240000,   3.520000
   0.204500,   1.280000,   3.520000
   0.204750,   1.360000,   3.520000
   0.205000,   1.440000,   3.520000
   0.205250,   1.480000,   3.520000
   0.205500,   1.560000,   3.520000
   0.205750,   1.640000,   3.520000
   0.206000,   1.680000,   3.520000
   0.206250,   1.760000,   3.520000
   0.206500,   1.800000,   3.520000
   0.206750,   1.880000,   3.520000
   0.207000,   1.920000,   3.520000
   0.207250,   2.000000,   3.520000
   0.207500,   2.040000,   3.520000
   0.207750,   2.080000,   3.520000
   0.208000,   2.160000,   3.520000
   0.208250,   2.200000,   3.520000
   0.208500,   2.280000,   3.520000
   0.208750,   2.320000,   3.520000
   0.209000,   2.360000,   3.520000
   0.209250,   2.400000,   3.520000
   0.209500,   2.440000,   3.520000
   0.209750,   2.480000,   3.520000
   0.210000,   2.520000,   3.520000
   0.210250,   2.560000,   3.520000
   0.210500,   2.600000,   3.520000
   0.210750,   2.640000,   3.520000
   0.211000,   2.680000,   3.520000
   0.211250,   2.720000,   3.520000
   0.211500,   2.760000,   3.520000
   0.211750,   2.800000,   3.520000
   0.212000,   2.840000,   3.520000
   0.212250,   2.840000,   3.520000
   0.212500,   2.880000,   3.520000
   0.212750,   2.880000,   3.520000
   0.213000,   2.920000,   3.520000
   0.213250,   2.920000,   3.520000
   0.213500,   2.960000,   3.520000
   0.213750,   2.960000,   3.520000
   0.214000,   3.000000,   3.520000
   0.214250,   3.000000,   3.520000
   0.214500,   3.000000,   3.520000
   0.214750,   3.000000,   3.520000
   0.215000,   3.040000,   3.520000
   0.215250,   3.040000,   3.520000
   0.215500,   3.040000,   3.520000
   0.215750,   3.040000,   3.520000
   0.216000,   3.040000,   3.520000
   0.216250,   3.040000,   3.520000
   0.216500,   3.040000,   3.520000
   0.216750,   3.040000,   3.520000
   0.217000,   3.040000,   3.520000
   0.217250,   3.000000,   3.520000
   0.217500,   3.000000,   3.520000
   0.217750,   3.000000,   3.520000
   0.218000,   3.000000,   3.520000
   0.218250,   2.960000,   3.520000
   0.218500,   2.920000,   3.520000
   0.218750,   2.920000,   3.520000
   0.219000,   2.880000,   3.520000
   0.219250,   2.880000,   3.520000
   0.219500,   2.840000,   3.520000
   0.219750,   2.840000,   3.520000
   0.220000,   2.800000,   3.520000
   0.220250,   2.760000,   3.520000
   0.220500,   2.720000,   3.520000
   0.220750,   2.720000,   3.520000
   0.221000,   2.680000,   3.520000
   0.221250,   2.640000,   3.520000
   0.221500,   2.600000,   3.520000
   0.221750,   2.560000,   3.520000
   0.222000,   2.480000,   3.520000
   0.222250,   2.480000,   3.520000
   0.222500,   2.400000,   3.520000
   0.222750,   2.400000,   3.520000
   0.223000,   2.320000,   3.520000
   0.223250,   2.280000,   3.520000
   0.223500,   2.240000,   3.520000
   0.223750,   2.160000,   3.520000
   0.224000,   2.120000,   3.520000
   0.224250,   2.080000,   3.520000
   0.224500,   2.000000,   3.520000
   0.224750,   1.960000,   3.520000
   0.225000,   1.880000,   3.520000
   0.225250,   1.840000,   3.520000
   0.225500,   1.760000,   3.520000
   0.225750,   1.720000,   3.520000
   0.226000,   1.640000,   3.520000
   0.226250,   1.600000,   3.520000
   0.226500,   1.520000,   3.520000
   0.226750,   1.480000,   3.520000
   0.227000,   1.400000,   3.520000
   0.227250,   1.320000,   3.520000
   0.227500,   1.240000,   3.520000
   0.227750,   1.200000,   3.520000
   0.228000,   1.120000,   3.520000
   0.228250,   1.040000,   3.520000
   0.228500,   0.960000,   3.520000
   0.228750,   0.920000,   3.520000
   0.229000,   0.840000,   3.520000
   0.229250,   0.760000,   3.520000
   0.229500,   0.720000,   3.520000
   0.229750,   0.640000,   3.520000
   0.230000,   0.560000,   3.520000
   0.230250,   0.480000,   3.520000
   0.230500,   0.400000,   3.520000
   0.230750,   0.320000,   3.520000
   0.231000,   0.240000,   3.520000
   0.231250,   0.160000,   3.520000
   0.231500,   0.120000,   3.520000
   0.231750,   0.040000,   3.520000
   0.232000,  -0.040000,   3.520000
   0.232250,  -0.120000,   3.520000
   0.232500,  -0.200000,   3.520000
   0.232750,  -0.280000,   3.520000
   0.233000,  -0.360000,   3.520000
   0.233250,  -0.400000,   3.520000
   0.233500,  -0.480000,   3.520000
   0.233750,  -0.560000,   3.520000
   0.234000,  -0.640000,   3.520000
   0.234250,  -0.680000,   3.520000
   0.234500,  -0.760000,   3.520000
   0.234750,  -0.840000,   3.520000
   0.235000,  -0.880000,   3.520000
   0.235250,  -0.960000,   3.520000
   0.235500,  -1.040000,   3.520000
   0.235750,  -1.120000,   3.520000
   0.236000,  -1.160000,   3.520000
   0.236250,  -1.240000,   3.520000
   0.236500,  -1.320000,   3.520000
   0.236750,  -1.360000,   3.520000
   0.237000,  -1.440000,   3.520000
   0.237250,  -1.520000,   3.520000
   0.237500,  -1.560000,   3.520000
   0.237750,  -1.600000,   3.520000
   0.238000,  -1.680000,   3.520000
   0.238250,  -1.720000,   3.520000
   0.238500,  -1.800000,   3.520000
   0.238750,  -1.880000,   3.520000
   0.239000,  -1.920000,   3.520000
   0.239250,  -1.960000,   3.520000
   0.239500,  -2.000000,   3.520000
   0.239750,  -2.080000,   3.520000
   0.240000,  -2.120000,   3.520000
   0.240250,  -2.160000,   3.520000
   0.240500,  -2.200000,   3.520000
   0.240750,  -2.240000,   3.520000
   0.241000,  -2.320000,   3.520000
   0.241250,  -2.360000,   3.520000
   0.241500,  -2.400000,   3.520000
   0.241750,  -2.400000,   3.520000
   0.242000,  -2.480000,   3.520000
   0.242250,  -2.520000,   3.520000
   0.242500,  -2.560000,   3.520000
   0.242750,  -2.560000,   3.520000
   0.243000,  -2.600000,   3.520000
   0.243250,  -2.640000,   3.520000
   0.243500,  -2.680000,   3.520000
   0.243750,  -2.680000,   3.520000
   0.244000,  -2.720000,   3.520000
   0.244250,  -2.760000,   3.520000
   0.244500,  -2.760000,   3.520000
   0.244750,  -2.800000,   3.520000
   0.245000,  -2.800000,   3.520000
   0.245250,  -2.800000,   3.520000
   0.245500,  -2.840000,   3.520000
   0.245750,  -2.840000,   3.520000
   0.246000,  -2.840000,   3.520000
   0.246250,  -2.880000,   3.520000
   0.246500,  -2.880000,   3.520000
   0.246750,  -2.880000,   3.520000
   0.247000,  -2.880000,   3.520000
   0.247250,  -2.880000,   3.520000
   0.247500,  -2.880000,   3.520000
   0.247750,  -2.880000,   3.520000
   0.248000,  -2.880000,   3.520000
   0.248250,  -2.880000,   3.520000
   0.248500,  -2.840000,   3.520000
   0.248750,  -2.840000,   3.520000
   0.249000,  -2.840000,   3.520000
   0.249250,  -2.840000,   3.520000
   0.249500,  -2.800000,   3.520000
   0.249750,  -2.800000,   3.520000
   0.250000,  -2.800000,   3.520000
   0.250250,  -2.760000,   3.520000
   0.250500,  -2.760000,   3.520000
   0.250750,  -2.720000,   3.520000
   0.251000,  -2.680000,   3.520000
   0.251250,  -2.680000,   3.520000
   0.251500,  -2.640000,   3.520000
   0.251750,  -2.600000,   3.520000
   0.252000,  -2.560000,   3.520000
   0.252250,  -2.560000,   3.520000
   0.252500,  -2.520000,   3.520000
   0.252750,  -2.480000,   3.520000
   0.253000,  -2.440000,   3.520000
   0.253250,  -2.400000,   3.520000
   0.253500,  -2.360000,   3.520000
   0.253750,  -2.320000,   3.520000
   0.254000,  -2.280000,   3.520000
   0.254250,  -2.200000,   3.520000
   0.254500,  -2.160000,   3.520000
   0.254750,  -2.120000,   3.520000
   0.255000,  -2.080000,   3.520000
   0.255250,  -2.040000,   3.520000
   0.255500,  -1.960000,   3.520000
   0.255750,  -1.920000,   3.520000
   0.256000,  -1.880000,   3.520000
   0.256250,  -1.800000,   3.520000
   0.256500,  -1.720000,   3.520000
   0.256750,  -1.680000,   3.520000
   0.257000,  -1.640000,   3.520000
   0.257250,  -1.560000,   3.520000
   0.257500,  -1.520000,   3.520000
   0.257750,  -1.440000,   3.520000
   0.258000,  -1.400000,   3.520000
   0.258250,  -1.320000,   3.520000
   0.258500,  -1.240000,   3.520000
   0.258750,  -1.200000,   3.520000
   0.259000,  -1.120000,   3.520000
   0.259250,  -1.040000,   3.520000
   0.259500,  -1.000000,   3.520000
   0.259750,  -0.920000,   3.520000
   0.260000,  -0.840000,   3.520000
   0.260250,  -0.760000,   3.520000
   0.260500,  -0.680000,   3.520000
   0.260750,  -0.640000,   3.520000
   0.261000,  -0.600000,   3.520000
   0.261250,  -0.480000,   3.520000
   0.261500,  -0.440000,   3.520000
   0.261750,  -0.360000,   3.520000
   0.262000,  -0.280000,   3.520000
   0.262250,  -0.200000,   3.520000
   0.262500,  -0.120000,   3.520000
   0.262750,  -0.080000,   3.520000
   0.263000,   0.040000,   3.520000
   0.263250,   0.080000,   3.520000
   0.263500,   0.160000,   3.520000
   0.263750,   0.240000,   3.520000
   0.264000,   0.320000,   3.520000
   0.264250,   0.400000,   3.520000
   0.264500,   0.480000,   3.520000
   0.264750,   0.560000,   3.520000
   0.265000,   0.640000,   3.480000
   0.265250,   0.680000,   3.520000
   0.265500,   0.760000,   3.520000
   0.265750,   0.840000,   3.520000
   0.266000,   0.880000,   3.520000
   0.266250,   0.960000,   3.520000
   0.266500,   1.040000,   3.520000
   0.266750,   1.120000,   3.520000
   0.267000,   1.200000,   3.520000
   0.267250,   1.240000,   3.520000
   0.267500,   1.320000,   3.520000
   0.267750,   1.400000,   3.520000
   0.268000,   1.440000,   3.520000
   0.268250,   1.520000,   3.520000
   0.268500,   1.600000,   3.520000
   0.268750,   1.640000,   3.520000
   0.269000,   1.680000,   3.520000
   0.269250,   1.760000,   3.520000
   0.269500,   1.840000,   3.520000
   0.269750,   1.880000,   3.520000
   0.270000,   1.920000,   3.520000
   0.270250,   2.000000,   3.520000
   0.270500,   2.080000,   3.520000
   0.270750,   2.120000,   3.520000
   0.271000,   2.160000,   3.520000
   0.271250,   2.240000,   3.520000
   0.271500,   2.280000,   3.520000
   0.271750,   2.320000,   3.520000
   0.272000,   2.360000,   3.520000
   0.272250,   2.400000,   3.520000
   0.272500,   2.440000,   3.520000
   0.272750,   2.480000,   3.520000
   0.273000,   2.560000,   3.520000
   0.273250,   2.600000,   3.520000
   0.273500,   2.600000,   3.520000
   0.273750,   2.680000,   3.520000
   0.274000,   2.680000,   3.520000
   0.274250,   2.720000,   3.520000
   0.274500,   2.760000,   3.520000
   0.274750,   2.800000,   3.520000
   0.275000,   2.800000,   3.520000
   0.275250,   2.840000,   3.520000
   0.275500,   2.880000,   3.520000
   0.275750,   2.880000,   3.520000
   0.276000,   2.920000,   3.520000
   0.276250,   2.960000,   3.520000
   0.276500,   2.960000,   3.520000
   0.276750,   2.960000,   3.520000
   0.277000,   3.000000,   3.520000
   0.277250,   3.000000,   3.520000
   0.277500,   3.000000,   3.520000
   0.277750,   3.000000,   3.520000
   0.278000,   3.040000,   3.520000
   0.278250,   3.040000,   3.520000
   0.278500,   3.040000,   3.520000
   0.278750,   3.040000,   3.520000
   0.279000,   3.040000,   3.520000
   0.279250,   3.040000,   3.520000
   0.279500,   3.040000,   3.520000
   0.279750,   3.040000,   3.520000
   0.280000,   3.000000,   3.520000
   0.280250,   3.000000,   3.520000
   0.280500,   3.000000,   3.520000
   0.280750,   3.000000,   3.520000
   0.281000,   2.960000,   3.520000
   0.281250,   2.960000,   3.520000
   0.281500,   2.960000,   3.520000
   0.281750,   2.920000,   3.520000
   0.282000,   2.880000,   3.520000
   0.282250,   2.880000,   3.520000
   0.282500,   2.840000,   3.520000
   0.282750,   2.800000,   3.520000
   0.283000,   2.800000,   3.520000
   0.283250,   2.760000,   3.520000
   0.283500,   2.720000,   3.520000
   0.283750,   2.680000,   3.520000
   0.284000,   2.680000,   3.520000
   0.284250,   2.640000,   3.520000
   0.284500,   2.600000,   3.520000
   0.284750,   2.560000,   3.520000
   0.285000,   2.480000,   3.520000
   0.285250,   2.440000,   3.520000
   0.285500,   2.400000,   3.520000
   0.285750,   2.360000,   3.520000
   0.286000,   2.320000,   3.520000
   0.286250,   2.280000,   3.520000
   0.286500,   2.240000,   3.520000
   0.286750,   2.160000,   3.520000
   0.287000,   2.120000,   3.520000
   0.287250,   2.080000,   3.520000
   0.287500,   2.000000,   3.520000
   0.287750,   1.960000,   3.520000
   0.288000,   1.880000,   3.520000
   0.288250,   1.800000,   3.520000
   0.288500,   1.760000,   3.520000
   0.288750,   1.680000,   3.520000
   0.289000,   1.640000,   3.520000
   0.289250,   1.600000,   3.520000
   0.289500,   1.520000,   3.520000
   0.289750,   1.440000,   3.520000
   0.290000,   1.360000,   3.520000
   0.290250,   1.320000,   3.520000
   0.290500,   1.240000,   3.520000
   0.290750,   1.160000,   3.520000
   0.291000,   1.120000,   3.520000
   0.291250,   1.040000,   3.520000
   0.291500,   0.960000,   3.520000
   0.291750,   0.880000,   3.520000
   0.292000,   0.800000,   3.520000
   0.292250,   0.760000,   3.520000
   0.292500,   0.680000,   3.520000
   0.292750,   0.640000,   3.520000
   0.293000,   0.520000,   3.520000
   0.293250,   0.480000,   3.520000
   0.293500,   0.400000,   3.520000
   0.293750,   0.320000,   3.520000
   0.294000,   0.240000,   3.520000
   0.294250,   0.160000,   3.520000
   0.294500,   0.080000,   3.520000
   0.294750,   0.040000,   3.520000
   0.295000,  -0.080000,   3.520000
   0.295250,  -0.120000,   3.520000
   0.295500,  -0.200000,   3.520000
   0.295750,  -0.280000,   3.520000
   0.296000,  -0.360000,   3.520000
   0.296250,  -0.440000,   3.520000
   0.296500,  -0.520000,   3.520000
   0.296750,  -0.560000,   3.520000
   0.297000,  -0.640000,   3.520000
   0.297250,  -0.720000,   3.520000
   0.297500,  -0.760000,   3.520000
   0.297750,  -0.840000,   3.520000
   0.298000,  -0.920000,   3.520000
   0.298250,  -1.000000,   3.520000
   0.298500,  -1.040000,   3.520000
   0.298750,  -1.120000,   3.520000
   0.299000,  -1.200000,   3.520000
   0.299250,  -1.280000,   3.520000
   0.299500,  -1.320000,   3.520000
   0.299750,  -1.400000,   3.520000
   0.300000,  -1.440000,   3.520000
   0.300250,  -1.520000,   3.520000
   0.300500,  -1.560000,   3.520000
   0.300750,  -1.640000,   3.520000
   0.301000,  -1.680000,   3.520000
   0.301250,  -1.760000,   3.520000
   0.301500,  -1.800000,   3.520000
   0.301750,  -1.840000,   3.520000
   0.302000,  -1.920000,   3.520000
   0.302250,  -2.000000,   3.520000
   0.302500,  -2.040000,   3.520000
   0.302750,  -2.080000,   3.520000
   0.303000,  -2.120000,   3.520000
   0.303250,  -2.200000,   3.520000
   0.303500,  -2.240000,   3.520000
   0.303750,  -2.280000,   3.520000
   0.304000,  -2.320000,   3.520000
   0.304250,  -2.360000,   3.520000
   0.304500,  -2.400000,   3.520000
   0.304750,  -2.440000,   3.520000
   0.305000,  -2.480000,   3.520000
   0.305250,  -2.520000,   3.520000
   0.305500,  -2.560000,   3.520000
   0.305750,  -2.560000,   3.520000
   0.306000,  -2.600000,   3.520000
   0.306250,  -2.640000,   3.520000
   0.306500,  -2.680000,   3.520000
   0.306750,  -2.720000,   3.520000
   0.307000,  -2.720000,   3.520000
   0.307250,  -2.760000,   3.520000
   0.307500,  -2.760000,   3.520000
   0.307750,  -2.800000,   3.520000
   0.308000,  -2.800000,   3.520000
   0.308250,  -2.800000,   3.520000
   0.308500,  -2.840000,   3.520000
   0.308750,  -2.840000,   3.520000
   0.309000,  -2.840000,   3.520000
   0.309250,  -2.880000,   3.520000
   0.309500,  -2.880000,   3.520000
   0.309750,  -2.880000,   3.520000
   0.310000,  -2.880000,   3.520000
   0.310250,  -2.880000,   3.520000
   0.310500,  -2.880000,   3.520000
   0.310750,  -2.880000,   3.520000
   0.311000,  -2.880000,   3.520000
   0.311250,  -2.880000,   3.520000
   0.311500,  -2.840000,   3.520000
   0.311750,  -2.840000,   3.520000
   0.312000,  -2.840000,   3.520000
   0.312250,  -2.840000,   3.520000
   0.312500,  -2.800000,   3.520000
   0.312750,  -2.800000,   3.520000
   0.313000,  -2.800000,   3.520000
   0.313250,  -2.760000,   3.520000
   0.313500,  -2.720000,   3.520000
   0.313750,  -2.720000,   3.520000
   0.314000,  -2.680000,   3.520000
   0.314250,  -2.680000,   3.520000
   0.314500,  -2.640000,   3.520000
   0.314750,  -2.600000,   3.520000
   0.315000,  -2.560000,   3.520000
   0.315250,  -2.560000,   3.520000
   0.315500,  -2.520000,   3.520000
   0.315750,  -2.440000,   3.520000
   0.316000,  -2.440000,   3.520000
   0.316250,  -2.400000,   3.520000
   0.316500,  -2.360000,   3.520000
   0.316750,  -2.320000,   3.520000
   0.317000,  -2.240000,   3.520000
   0.317250,  -2.200000,   3.520000
   0.317500,  -2.160000,   3.520000
   0.317750,  -2.120000,   3.520000
   0.318000,  -2.080000,   3.520000
   0.318250,  -2.000000,   3.520000
   0.318500,  -1.960000,   3.520000
   0.318750,  -1.920000,   3.520000
   0.319000,  -1.880000,   3.520000
   0.319250,  -1.800000,   3.520000
   0.319500,  -1.720000,   3.520000
   0.319750,  -1.680000,   3.520000
   0.320000,  -1.600000,   3.520000
   0.320250,  -1.560000,   3.520000
   0.320500,  -1.480000,   3.520000
   0.320750,  -1.440000,   3.520000
   0.321000,  -1.360000,   3.520000
   0.321250,  -1.320000,   3.520000
   0.321500,  -1.240000,   3.520000
   0.321750,  -1.160000,   3.520000
   0.322000,  -1.120000,   3.520000
   0.322250,  -1.040000,   3.520000
   0.322500,  -0.960000,   3.520000
   0.322750,  -0.880000,   3.520000
   0.323000,  -0.840000,   3.520000
   0.323250,  -0.760000,   3.520000
   0.323500,  -0.680000,   3.520000
   0.323750,  -0.640000,   3.520000
   0.324000,  -0.560000,   3.520000
   0.324250,  -0.480000,   3.520000
   0.324500,  -0.400000,   3.520000
   0.324750,  -0.360000,   3.520000
   0.325000,  -0.280000,   3.520000
   0.325250,  -0.200000,   3.520000
   0.325500,  -0.120000,   3.520000
   0.325750,  -0.040000,   3.520000
   0.326000,   0.040000,   3.520000
   0.326250,   0.120000,   3.520000
   0.326500,   0.160000,   3.520000
   0.326750,   0.280000,   3.520000
   0.327000,   0.320000,   3.520000
   0.327250,   0.400000,   3.520000
   0.327500,   0.480000,   3.520000
   0.327750,   0.560000,   3.520000
   0.328000,   0.640000,   3.520000
   0.328250,   0.720000,   3.520000
   0.328500,   0.760000,   3.520000
   0.328750,   0.840000,   3.520000
   0.329000,   0.920000,   3.520000
   0.329250,   1.000000,   3.520000
   0.329500,   1.040000,   3.520000
   0.329750,   1.120000,   3.520000
   0.330000,   1.200000,   3.520000
   0.330250,   1.280000,   3.520000
   0.330500,   1.320000,   3.520000
   0.330750,   1.400000,   3.520000
   0.331000,   1.480000,   3.520000
   0.331250,   1.520000,   3.520000
   0.331500,   1.600000,   3.520000
   0.331750,   1.680000,   3.520000
   0.332000,   1.720000,   3.520000
   0.332250,   1.760000,   3.520000
   0.332500,   1.840000,   3.520000
   0.332750,   1.880000,   3.520000
   0.333000,   1.960000,   3.520000
   0.333250,   2.000000,   3.520000
   0.333500,   2.080000,   3.520000
   0.333750,   2.160000,   3.520000
   0.334000,   2.160000,   3.520000
   0.334250,   2.240000,   3.520000
   0.334500,   2.280000,   3.520000
   0.334750,   2.320000,   3.520000
   0.335000,   2.360000,   3.520000
   0.335250,   2.400000,   3.520000
   0.335500,   2.480000,   3.520000
   0.335750,   2.520000,   3.520000
   0.336000,   2.560000,   3.520000
   0.336250,   2.600000,   3.520000
   0.336500,   2.640000,   3.520000
   0.336750,   2.680000,   3.520000
   0.337000,   2.720000,   3.520000
   0.337250,   2.720000,   3.520000
   0.337500,   2.760000,   3.520000
   0.337750,   2.800000,   3.520000
   0.338000,   2.840000,   3.520000
   0.338250,   2.840000,   3.520000
   0.338500,   2.880000,   3.520000
   0.338750,   2.920000,   3.520000
   0.339000,   2.920000,   3.520000
   0.339250,   2.960000,   3.520000
   0.339500,   2.960000,   3.520000
   0.339750,   3.000000,   3.520000
   0.340000,   3.000000,   3.520000
   0.340250,   3.000000,   3.520000
   0.340500,   3.040000,   3.520000
   0.340750,   3.040000,   3.520000
   0.341000,   3.040000,   3.520000
   0.341250,   3.040000,   3.520000
   0.341500,   3.040000,   3.520000
   0.341750,   3.040000,   3.520000
   0.342000,   3.040000,   3.520000
   0.342250,   3.040000,   3.520000
   0.342500,   3.040000,   3.520000
   0.342750,   3.040000,   3.520000
   0.343000,   3.000000,   3.520000
   0.343250,   3.000000,   3.520000
   0.343500,   3.000000,   3.520000
   0.343750,   3.000000,   3.520000
   0.344000,   2.960000,   3.520000
   0.344250,   2.960000,   3.520000
   0.344500,   2.920000,   3.520000
   0.344750,   2.920000,   3.520000
   0.345000,   2.880000,   3.520000
   0.345250,   2.880000,   3.520000
   0.345500,   2.840000,   3.520000
   0.345750,   2.800000,   3.520000
   0.346000,   2.800000,   3.520000
   0.346250,   2.760000,   3.520000
   0.346500,   2.720000,   3.520000
   0.346750,   2.680000,   3.520000
   0.347000,   2.640000,   3.520000
   0.347250,   2.600000,   3.520000
   0.347500,   2.600000,   3.520000
   0.347750,   2.520000,   3.520000
   0.348000,   2.480000,   3.520000
   0.348250,   2.440000,   3.520000
   0.348500,   2.400000,   3.520000
   0.348750,   2.360000,   3.520000
   0.349000,   2.320000,   3.520000
   0.349250,   2.280000,   3.520000
   0.349500,   2.200000,   3.520000
   0.349750,   2.160000,   3.520000
   0.350000,   2.120000,   3.520000
   0.350250,   2.040000,   3.520000
   0.350500,   2.000000,   3.520000
   0.350750,   1.920000,   3.520000
   0.351000,   1.880000,   3.520000
   0.351250,   1.800000,   3.520000
   0.351500,   1.760000,   3.520000
   0.351750,   1.680000,   3.520000
   0.352000,   1.640000,   3.520000
   0.352250,   1.560000,   3.520000
   0.352500,   1.480000,   3.520000
   0.352750,   1.440000,   3.520000
   0.353000,   1.360000,   3.520000
   0.353250,   1.280000,   3.520000
   0.353500,   1.240000,   3.520000
   0.353750,   1.160000,   3.520000
   0.354000,   1.080000,   3.520000
   0.354250,   1.000000,   3.520000
   0.354500,   0.960000,   3.520000
   0.354750,   0.880000,   3.520000
   0.355000,   0.800000,   3.520000
   0.355250,   0.720000,   3.520000
   0.355500,   0.680000,   3.520000
   0.355750,   0.600000,   3.520000
   0.356000,   0.520000,   3.520000
   0.356250,   0.440000,   3.520000
   0.356500,   0.360000,   3.520000
   0.356750,   0.320000,   3.520000
   0.357000,   0.200000,   3.520000
   0.357250,   0.120000,   3.520000
   0.357500,   0.080000,   3.520000
   0.357750,   0.000000,   3.520000
   0.358000,  -0.080000,   3.520000
   0.358250,  -0.160000,   3.520000
   0.358500,  -0.240000,   3.520000
   0.358750,  -0.320000,   3.520000
   0.359000,  -0.360000,   3.520000
   0.359250,  -0.440000,   3.520000
   0.359500,  -0.520000,   3.520000
   0.359750,  -0.600000,   3.520000
   0.360000,  -0.640000,   3.520000
   0.360250,  -0.720000,   3.520000
   0.360500,  -0.800000,   3.520000
   0.360750,  -0.880000,   3.520000
   0.361000,  -0.920000,   3.520000
   0.361250,  -1.000000,   3.520000
   0.361500,  -1.080000,   3.520000
   0.361750,  -1.160000,   3.520000
   0.362000,  -1.200000,   3.520000
   0.362250,  -1.280000,   3.520000
   0.362500,  -1.320000,   3.520000
   0.362750,  -1.400000,   3.520000
   0.363000,  -1.480000,   3.520000
   0.363250,  -1.520000,   3.520000
   0.363500,  -1.600000,   3.520000
   0.363750,  -1.640000,   3.520000
   0.364000,  -1.720000,   3.520000
   0.364250,  -1.760000,   3.520000
   0.364500,  -1.840000,   3.520000
   0.364750,  -1.880000,   3.520000
   0.365000,  -1.960000,   3.520000
   0.365250,  -2.000000,   3.520000
   0.365500,  -2.040000,   3.520000
   0.365750,  -2.080000,   3.520000
   0.366000,  -2.160000,   3.520000
   0.366250,  -2.200000,   3.520000
   0.366500,  -2.240000,   3.520000
   0.366750,  -2.280000,   3.520000
   0.367000,  -2.320000,   3.520000
   0.367250,  -2.360000,   3.520000
   0.367500,  -2.400000,   3.520000
   0.367750,  -2.440000,   3.520000
   0.368000,  -2.480000,   3.520000
   0.368250,  -2.520000,   3.520000
   0.368500,  -2.560000,   3.520000
   0.368750,  -2.600000,   3.520000
   0.369000,  -2.640000,   3.520000
   0.369250,  -2.640000,   3.520000
   0.369500,  -2.680000,   3.520000
   0.369750,  -2.680000,   3.520000
   0.370000,  -2.720000,   3.520000
   0.370250,  -2.760000,   3.520000
   0.370500,  -2.800000,   3.520000
   0.370750,  -2.800000,   3.520000
   0.371000,  -2.800000,   3.520000
   0.371250,  -2.840000,   3.520000
   0.371500,  -2.840000,   3.520000
   0.371750,  -2.840000,   3.520000
   0.372000,  -2.840000,   3.520000
   0.372250,  -2.840000,   3.520000
   0.372500,  -2.880000,   3.520000
   0.372750,  -2.880000,   3.520000
   0.373000,  -2.880000,   3.520000
   0.373250,  -2.880000,   3.520000
   0.373500,  -2.880000,   3.520000
   0.373750,  -2.880000,   3.520000
   0.374000,  -2.880000,   3.520000
   0.374250,  -2.880000,   3.520000
   0.374500,  -2.840000,   3.520000
   0.374750,  -2.840000,   3.520000
   0.375000,  -2.840000,   3.520000
   0.375250,  -2.840000,   3.520000
   0.375500,  -2.800000,   3.520000
   0.375750,  -2.800000,   3.520000
   0.376000,  -2.760000,   3.520000
   0.376250,  -2.760000,   3.520000
   0.376500,  -2.720000,   3.520000
   0.376750,  -2.720000,   3.520000
   0.377000,  -2.680000,   3.520000
   0.377250,  -2.640000,   3.520000
   0.377500,  -2.640000,   3.520000
   0.377750,  -2.600000,   3.520000
   0.378000,  -2.560000,   3.520000
   0.378250,  -2.520000,   3.520000
   0.378500,  -2.520000,   3.520000
   0.378750,  -2.440000,   3.520000
   0.379000,  -2.400000,   3.520000
   0.379250,  -2.360000,   3.520000
   0.379500,  -2.320000,   3.520000
   0.379750,  -2.280000,   3.520000
   0.380000,  -2.240000,   3.520000
   0.380250,  -2.200000,   3.520000
   0.380500,  -2.160000,   3.520000
   0.380750,  -2.120000,   3.520000
   0.381000,  -2.080000,   3.520000
   0.381250,  -2.000000,   3.520000
   0.381500,  -1.960000,   3.520000
   0.381750,  -1.920000,   3.520000
   0.382000,  -1.840000,   3.520000
   0.382250,  -1.760000,   3.520000
   0.382500,  -1.720000,   3.520000
   0.382750,  -1.680000,   3.520000
   0.383000,  -1.600000,   3.520000
   0.383250,  -1.560000,   3.520000
   0.383500,  -1.480000,   3.520000
   0.383750,  -1.440000,   3.520000
   0.384000,  -1.360000,   3.520000
   0.384250,  -1.280000,   3.520000
   0.384500,  -1.240000,   3.520000
   0.384750,  -1.160000,   3.520000
   0.385000,  -1.080000,   3.520000
   0.385250,  -1.040000,   3.520000
   0.385500,  -0.960000,   3.520000
   0.385750,  -0.880000,   3.520000
   0.386000,  -0.800000,   3.520000
   0.386250,  -0.720000,   3.520000
   0.386500,  -0.680000,   3.520000
   0.386750,  -0.600000,   3.520000
   0.387000,  -0.520000,   3.520000
   0.387250,  -0.480000,   3.520000
   0.387500,  -0.400000,   3.520000
   0.387750,  -0.320000,   3.520000
   0.388000,  -0.240000,   3.520000
   0.388250,  -0.160000,   3.520000
   0.388500,  -0.080000,   3.520000
   0.388750,   0.000000,   3.520000
   0.389000,   0.080000,   3.520000
   0.389250,   0.120000,   3.520000
   0.389500,   0.200000,   3.520000
   0.389750,   0.280000,   3.520000
   0.390000,   0.360000,   3.520000
   0.390250,   0.440000,   3.520000
   0.390500,   0.480000,   3.520000
   0.390750,   0.600000,   3.520000
   0.391000,   0.640000,   3.520000
   0.391250,   0.720000,   3.520000
   0.391500,   0.760000,   3.520000
   0.391750,   0.840000,   3.520000
   0.392000,   0.920000,   3.520000
   0.392250,   1.000000,   3.520000
   0.392500,   1.080000,   3.520000
   0.392750,   1.160000,   3.520000
   0.393000,   1.200000,   3.520000
   0.393250,   1.280000,   3.520000
   0.393500,   1.360000,   3.520000
   0.393750,   1.400000,   3.520000
   0.394000,   1.480000,   3.520000
   0.394250,   1.560000,   3.520000
   0.394500,   1.600000,   3.520000
   0.394750,   1.680000,   3.520000
   0.395000,   1.720000,   3.520000
   0.395250,   1.800000,   3.520000
   0.395500,   1.840000,   3.520000
   0.395750,   1.920000,   3.520000
   0.396000,   1.960000,   3.520000
   0.396250,   2.040000,   3.520000
   0.396500,   2.080000,   3.520000
   0.396750,   2.120000,   3.520000
   0.397000,   2.200000,   3.520000
   0.397250,   2.240000,   3.520000
   0.397500,   2.320000,   3.520000
   0.397750,   2.360000,   3.520000
   0.398000,   2.400000,   3.520000
   0.398250,   2.440000,   3.520000
   0.398500,   2.480000,   3.520000
   0.398750,   2.520000,   3.520000
   0.399000,   2.560000,   3.520000
   0.399250,   2.600000,   3.520000
   0.399500,   2.640000,   3.520000
   0.399750,   2.680000,   3.520000
   0.400000,   2.720000,   3.520000
   0.400250,   2.760000,   3.520000
   0.400500,   2.760000,   3.520000
   0.400750,   2.800000,   3.520000
   0.401000,   2.840000,   3.520000
   0.401250,   2.840000,   3.520000
   0.401500,   2.880000,   3.520000
   0.401750,   2.920000,   3.520000
   0.402000,   2.920000,   3.520000
   0.402250,   2.960000,   3.520000
   0.402500,   2.960000,   3.520000
   0.402750,   3.000000,   3.520000
   0.403000,   3.000000,   3.520000
   0.403250,   3.000000,   3.520000
   0.403500,   3.040000,   3.520000
   0.403750,   3.040000,   3.520000
   0.404000,   3.040000,   3.520000
   0.404250,   3.040000,   3.520000
   0.404500,   3.040000,   3.520000
   0.404750,   3.040000,   3.520000
   0.405000,   3.040000,   3.520000
   0.405250,   3.040000,   3.520000
   0.405500,   3.040000,   3.520000
   0.405750,   3.040000,   3.520000
   0.406000,   3.000000,   3.520000
   0.406250,   3.000000,   3.520000
   0.406500,   3.000000,   3.520000
   0.406750,   3.000000,   3.520000
   0.407000,   2.960000,   3.520000
   0.407250,   2.960000,   3.520000
   0.407500,   2.920000,   3.520000
   0.407750,   2.920000,   3.520000
   0.408000,   2.880000,   3.520000
   0.408250,   2.840000,   3.520000
   0.408500,   2.840000,   3.520000
   0.408750,   2.800000,   3.520000
   0.409000,   2.800000,   3.520000
   0.409250,   2.760000,   3.520000
   0.409500,   2.720000,   3.520000
   0.409750,   2.680000,   3.520000
   0.410000,   2.640000,   3.520000
   0.410250,   2.600000,   3.520000
   0.410500,   2.560000,   3.520000
   0.410750,   2.520000,   3.520000
   0.411000,   2.480000,   3.520000
   0.411250,   2.440000,   3.520000
   0.411500,   2.400000,   3.520000
   0.411750,   2.360000,   3.520000
   0.412000,   2.320000,   3.520000
   0.412250,   2.240000,   3.520000
   0.412500,   2.200000,   3.520000
   0.412750,   2.160000,   3.520000
   0.413000,   2.080000,   3.520000
   0.413250,   2.040000,   3.520000
   0.413500,   1.960000,   3.520000
   0.413750,   1.920000,   3.520000
   0.414000,   1.840000,   3.520000
   0.414250,   1.800000,   3.520000
   0.414500,   1.720000,   3.520000
   0.414750,   1.680000,   3.520000
   0.415000,   1.600000,   3.520000
   0.415250,   1.560000,   3.520000
   0.415500,   1.480000,   3.520000
   0.415750,   1.440000,   3.520000
   0.416000,   1.360000,   3.520000
   0.416250,   1.280000,   3.520000
   0.416500,   1.200000,   3.520000
   0.416750,   1.160000,   3.520000
   0.417000,   1.080000,   3.520000
   0.417250,   1.000000,   3.520000
   0.417500,   0.920000,   3.520000
   0.417750,   0.880000,   3.520000
   0.418000,   0.760000,   3.520000
   0.418250,   0.720000,   3.520000
   0.418500,   0.640000,   3.520000
   0.418750,   0.600000,   3.520000
   0.419000,   0.520000,   3.520000
   0.419250,   0.440000,   3.520000
   0.419500,   0.360000,   3.520000
   0.419750,   0.280000,   3.520000
   0.420000,   0.200000,   3.520000
   0.420250,   0.120000,   3.520000
   0.420500,   0.080000,   3.520000
   0.420750,   0.000000,   3.520000
   0.421000,  -0.080000,   3.520000
   0.421250,  -0.160000,   3.520000
   0.421500,  -0.240000,   3.520000
   0.421750,  -0.320000,   3.520000
   0.422000,  -0.400000,   3.520000
   0.422250,  -0.480000,   3.520000
   0.422500,  -0.520000,   3.520000
   0.422750,  -0.600000,   3.520000
   0.423000,  -0.680000,   3.520000
   0.423250,  -0.720000,   3.520000
   0.423500,  -0.800000,   3.520000
   0.423750,  -0.880000,   3.520000
   0.424000,  -0.960000,   3.520000
   0.424250,  -1.040000,   3.520000
   0.424500,  -1.080000,   3.520000
   0.424750,  -1.160000,   3.520000
   0.425000,  -1.240000,   3.520000
   0.425250,  -1.280000,   3.520000
   0.425500,  -1.360000,   3.520000
   0.425750,  -1.440000,   3.520000
   0.426000,  -1.480000,   3.520000
   0.426250,  -1.560000,   3.520000
   0.426500,  -1.600000,   3.520000
   0.426750,  -1.680000,   3.520000
   0.427000,  -1.720000,   3.520000
   0.427250,  -1.760000,   3.520000
   0.427500,  -1.840000,   3.520000
   0.427750,  -1.880000,   3.520000
   0.428000,  -1.960000,   3.520000
   0.428250,  -2.000000,   3.520000
   0.428500,  -2.040000,   3.520000
   0.428750,  -2.120000,   3.520000
   0.429000,  -2.160000,   3.520000
   0.429250,  -2.200000,   3.520000
   0.429500,  -2.240000,   3.520000
   0.429750,  -2.280000,   3.520000
   0.430000,  -2.320000,   3.520000
   0.430250,  -2.360000,   3.520000
   0.430500,  -2.400000,   3.520000
   0.430750,  -2.440000,   3.520000
   0.431000,  -2.520000,   3.520000
   0.431250,  -2.520000,   3.520000
   0.431500,  -2.560000,   3.520000
   0.431750,  -2.600000,   3.520000
   0.432000,  -2.640000,   3.520000
   0.432250,  -2.640000,   3.520000
   0.432500,  -2.680000,   3.520000
   0.432750,  -2.720000,   3.520000
   0.433000,  -2.720000,   3.520000
   0.433250,  -2.760000,   3.520000
   0.433500,  -2.760000,   3.520000
   0.433750,  -2.800000,   3.520000
   0.434000,  -2.800000,   3.520000
   0.434250,  -2.840000,   3.520000
   0.434500,  -2.840000,   3.520000
   0.434750,  -2.840000,   3.520000
   0.435000,  -2.840000,   3.520000
   0.435250,  -2.880000,   3.520000
   0.435500,  -2.880000,   3.520000
   0.435750,  -2.880000,   3.520000
   0.436000,  -2.880000,   3.520000
   0.436250,  -2.880000,   3.520000
   0.436500,  -2.880000,   3.520000
   0.436750,  -2.880000,   3.520000
   0.437000,  -2.880000,   3.520000
   0.437250,  -2.840000,   3.520000
   0.437500,  -2.840000,   3.520000
   0.437750,  -2.840000,   3.520000
   0.438000,  -2.840000,   3.520000
   0.438250,  -2.800000,   3.520000
   0.438500,  -2.800000,   3.520000
   0.438750,  -2.800000,   3.520000
   0.439000,  -2.760000,   3.520000
   0.439250,  -2.760000,   3.520000
   0.439500,  -2.720000,   3.520000
   0.439750,  -2.720000,   3.520000
   0.440000,  -2.680000,   3.520000
   0.440250,  -2.640000,   3.520000
   0.440500,  -2.640000,   3.520000
   0.440750,  -2.600000,   3.520000
   0.441000,  -2.560000,   3.520000
   0.441250,  -2.520000,   3.520000
   0.441500,  -2.480000,   3.520000
   0.441750,  -2.440000,   3.520000
   0.442000,  -2.400000,   3.520000
   0.442250,  -2.360000,   3.520000
   0.442500,  -2.320000,   3.520000
   0.442750,  -2.280000,   3.520000
   0.443000,  -2.240000,   3.520000
   0.443250,  -2.200000,   3.520000
   0.443500,  -2.160000,   3.520000
   0.443750,  -2.120000,   3.520000
   0.444000,  -2.040000,   3.520000
   0.444250,  -2.000000,   3.520000
   0.444500,  -1.920000,   3.520000
   0.444750,  -1.880000,   3.520000
   0.445000,  -1.840000,   3.520000
   0.445250,  -1.760000,   3.520000
   0.445500,  -1.720000,   3.520000
   0.445750,  -1.640000,   3.520000
   0.446000,  -1.600000,   3.520000
   0.446250,  -1.520000,   3.520000
   0.446500,  -1.480000,   3.520000
   0.446750,  -1.400000,   3.520000
   0.447000,  -1.320000,   3.520000
   0.447250,  -1.280000,   3.520000
   0.447500,  -1.200000,   3.520000
   0.447750,  -1.160000,   3.520000
   0.448000,  -1.080000,   3.520000
   0.448250,  -1.000000,   3.520000
   0.448500,  -0.920000,   3.520000
   0.448750,  -0.880000,   3.520000
   0.449000,  -0.800000,   3.520000
   0.449250,  -0.720000,   3.520000
   0.449500,  -0.640000,   3.520000
   0.449750,  -0.600000,   3.520000
   0.450000,  -0.520000,   3.520000
   0.450250,  -0.440000,   3.520000
   0.450500,  -0.360000,   3.520000
   0.450750,  -0.320000,   3.520000
   0.451000,  -0.240000,   3.520000
   0.451250,  -0.160000,   3.520000
   0.451500,  -0.080000,   3.520000
   0.451750,   0.000000,   3.520000
   0.452000,   0.080000,   3.520000
   0.452250,   0.120000,   3.520000
   0.452500,   0.200000,   3.520000
   0.452750,   0.280000,   3.520000
   0.453000,   0.360000,   3.520000
   0.453250,   0.440000,   3.520000
   0.453500,   0.520000,   3.520000
   0.453750,   0.600000,   3.520000
   0.454000,   0.640000,   3.520000
   0.454250,   0.720000,   3.520000
   0.454500,   0.800000,   3.520000
   0.454750,   0.880000,   3.520000
   0.455000,   0.960000,   3.520000
   0.455250,   1.040000,   3.520000
   0.455500,   1.080000,   3.520000
   0.455750,   1.160000,   3.520000
   0.456000,   1.240000,   3.520000
   0.456250,   1.280000,   3.520000
   0.456500,   1.360000,   3.520000
   0.456750,   1.440000,   3.520000
   0.457000,   1.480000,   3.520000
   0.457250,   1.560000,   3.520000
   0.457500,   1.640000,   3.520000
   0.457750,   1.680000,   3.520000
   0.458000,   1.760000,   3.520000
   0.458250,   1.800000,   3.520000
   0.458500,   1.840000,   3.520000
   0.458750,   1.920000,   3.520000
   0.459000,   2.000000,   3.520000
   0.459250,   2.040000,   3.520000
   0.459500,   2.120000,   3.520000
   0.459750,   2.160000,   3.520000
   0.460000,   2.200000,   3.520000
   0.460250,   2.280000,   3.520000
   0.460500,   2.320000,   3.520000
   0.460750,   2.360000,   3.520000
   0.461000,   2.400000,   3.520000
   0.461250,   2.440000,   3.520000
   0.461500,   2.480000,   3.520000
   0.461750,   2.520000,   3.520000
   0.462000,   2.560000,   3.520000
   0.462250,   2.600000,   3.520000
   0.462500,   2.640000,   3.520000
   0.462750,   2.680000,   3.520000
   0.463000,   2.720000,   3.520000
   0.463250,   2.760000,   3.520000
   0.463500,   2.760000,   3.520000
   0.463750,   2.800000,   3.520000
   0.464000,   2.840000,   3.520000
   0.464250,   2.880000,   3.520000
   0.464500,   2.880000,   3.520000
   0.464750,   2.920000,   3.520000
   0.465000,   2.920000,   3.520000
   0.465250,   2.960000,   3.520000
   0.465500,   2.960000,   3.520000
   0.465750,   3.000000,   3.520000
   0.466000,   3.000000,   3.520000
   0.466250,   3.000000,   3.520000
   0.466500,   3.000000,   3.520000
   0.466750,   3.040000,   3.520000
   0.467000,   3.040000,   3.520000
   0.467250,   3.040000,   3.520000
   0.467500,   3.040000,   3.520000
   0.467750,   3.040000,   3.520000
   0.468000,   3.040000,   3.520000
   0.468250,   3.040000,   3.520000
   0.468500,   3.040000,   3.520000
   0.468750,   3.040000,   3.520000
   0.469000,   3.000000,   3.520000
   0.469250,   3.000000,   3.520000
   0.469500,   3.000000,   3.520000
   0.469750,   2.960000,   3.520000
   0.470000,   2.960000,   3.520000
   0.470250,   2.960000,   3.520000
   0.470500,   2.920000,   3.520000
   0.470750,   2.920000,   3.520000
   0.471000,   2.880000,   3.520000
   0.471250,   2.840000,   3.520000
   0.471500,   2.840000,   3.520000
   0.471750,   2.800000,   3.520000
   0.472000,   2.760000,   3.520000
   0.472250,   2.760000,   3.520000
   0.472500,   2.720000,   3.520000
   0.472750,   2.680000,   3.520000
   0.473000,   2.640000,   3.520000
   0.473250,   2.600000,   3.520000
   0.473500,   2.560000,   3.520000
   0.473750,   2.520000,   3.520000
   0.474000,   2.480000,   3.520000
   0.474250,   2.440000,   3.520000
   0.474500,   2.360000,   3.520000
   0.474750,   2.320000,   3.520000
   0.475000,   2.280000,   3.520000
   0.475250,   2.240000,   3.520000
   0.475500,   2.160000,   3.520000
   0.475750,   2.120000,   3.520000
   0.476000,   2.080000,   3.520000
   0.476250,   2.000000,   3.520000
   0.476500,   1.960000,   3.520000
   0.476750,   1.880000,   3.520000
   0.477000,   1.840000,   3.520000
   0.477250,   1.760000,   3.520000
   0.477500,   1.720000,   3.520000
   0.477750,   1.640000,   3.520000
   0.478000,   1.600000,   3.520000
   0.478250,   1.520000,   3.520000
   0.478500,   1.480000,   3.520000
   0.478750,   1.400000,   3.520000
   0.479000,   1.320000,   3.520000
   0.479250,   1.280000,   3.520000
   0.479500,   1.200000,   3.520000
   0.479750,   1.120000,   3.520000
   0.480000,   1.040000,   3.520000
   0.480250,   1.000000,   3.520000
   0.480500,   0.920000,   3.520000
   0.480750,   0.840000,   3.520000
   0.481000,   0.760000,   3.520000
   0.481250,   0.720000,   3.520000
   0.481500,   0.640000,   3.520000
   0.481750,   0.560000,   3.520000
   0.482000,   0.480000,   3.520000
   0.482250,   0.400000,   3.520000
   0.482500,   0.320000,   3.520000
   0.482750,   0.280000,   3.520000
   0.483000,   0.200000,   3.520000
   0.483250,   0.120000,   3.520000
   0.483500,   0.040000,   3.520000
   0.483750,  -0.040000,   3.520000
   0.484000,  -0.120000,   3.520000
   0.484250,  -0.200000,   3.520000
   0.484500,  -0.240000,   3.520000
   0.484750,  -0.360000,   3.520000
   0.485000,  -0.400000,   3.520000
   0.485250,  -0.480000,   3.520000
   0.485500,  -0.560000,   3.520000
   0.485750,  -0.640000,   3.520000
   0.486000,  -0.680000,   3.520000
   0.486250,  -0.760000,   3.520000
   0.486500,  -0.840000,   3.520000
   0.486750,  -0.880000,   3.520000
   0.487000,  -0.960000,   3.520000
   0.487250,  -1.040000,   3.520000
   0.487500,  -1.120000,   3.520000
   0.487750,  -1.160000,   3.520000
   0.488000,  -1.240000,   3.520000
   0.488250,  -1.320000,   3.520000
   0.488500,  -1.360000,   3.520000
   0.488750,  -1.440000,   3.520000
   0.489000,  -1.480000,   3.520000
   0.489250,  -1.560000,   3.520000
   0.489500,  -1.600000,   3.520000
   0.489750,  -1.680000,   3.520000
   0.490000,  -1.720000,   3.520000
   0.490250,  -1.800000,   3.520000
   0.490500,  -1.840000,   3.520000
   0.490750,  -1.920000,   3.520000
   0.491000,  -1.960000,   3.520000
   0.491250,  -2.000000,   3.520000
   0.491500,  -2.080000,   3.520000
   0.491750,  -2.120000,   3.520000
   0.492000,  -2.160000,   3.520000
   0.492250,  -2.200000,   3.520000
   0.492500,  -2.280000,   3.520000
   0.492750,  -2.280000,   3.520000
   0.493000,  -2.360000,   3.520000
   0.493250,  -2.360000,   3.520000
   0.493500,  -2.440000,   3.520000
   0.493750,  -2.480000,   3.520000
   0.494000,  -2.520000,   3.520000
   0.494250,  -2.520000,   3.520000
   0.494500,  -2.560000,   3.520000
   0.494750,  -2.600000,   3.520000
   0.495000,  -2.640000,   3.520000
   0.495250,  -2.680000,   3.520000
   0.495500,  -2.680000,   3.520000
   0.495750,  -2.720000,   3.520000
   0.496000,  -2.720000,   3.520000
   0.496250,  -2.760000,   3.520000
   0.496500,  -2.800000,   3.520000
   0.496750,  -2.800000,   3.520000
   0.497000,  -2.800000,   3.520000
   0.497250,  -2.840000,   3.520000
   0.497500,  -2.840000,   3.520000
   0.497750,  -2.840000,   3.520000
   0.498000,  -2.840000,   3.520000
   0.498250,  -2.880000,   3.520000
   0.498500,  -2.880000,   3.520000
   0.498750,  -2.880000,   3.520000
   0.499000,  -2.880000,   3.520000
   0.499250,  -2.880000,   3.520000
   0.499500,  -2.880000,   3.520000
   0.499750,  -2.880000,   3.520000
   0.500000,  -2.880000,   3.520000
   0.500250,  -2.840000,   3.520000
   0.500500,  -2.840000,   3.520000
   0.500750,  -2.840000,   3.520000
   0.501000,  -2.840000,   3.520000
   0.501250,  -2.840000,   3.520000
   0.501500,  -2.800000,   3.520000
   0.501750,  -2.800000,   3.520000
   0.502000,  -2.760000,   3.520000
   0.502250,  -2.720000,   3.520000
   0.502500,  -2.720000,   3.520000
   0.502750,  -2.720000,   3.520000
   0.503000,  -2.640000,   3.520000
   0.503250,  -2.640000,   3.520000
   0.503500,  -2.600000,   3.520000
   0.503750,  -2.560000,   3.520000
   0.504000,  -2.560000,   3.520000
   0.504250,  -2.520000,   3.520000
   0.504500,  -2.480000,   3.520000
   0.504750,  -2.440000,   3.520000
   0.505000,  -2.400000,   3.520000
   0.505250,  -2.360000,   3.520000
   0.505500,  -2.320000,   3.520000
   0.505750,  -2.280000,   3.520000
   0.506000,  -2.240000,   3.520000
   0.506250,  -2.200000,   3.520000
   0.506500,  -2.120000,   3.520000
   0.506750,  -2.080000,   3.520000
   0.507000,  -2.040000,   3.520000
   0.507250,  -2.000000,   3.520000
   0.507500,  -1.920000,   3.520000
   0.507750,  -1.880000,   3.520000
   0.508000,  -1.800000,   3.520000
   0.508250,  -1.760000,   3.520000
   0.508500,  -1.680000,   3.520000
   0.508750,  -1.640000,   3.520000
   0.509000,  -1.600000,   3.520000
   0.509250,  -1.520000,   3.520000
   0.509500,  -1.440000,   3.520000
   0.509750,  -1.400000,   3.520000
   0.510000,  -1.320000,   3.520000
   0.510250,  -1.280000,   3.520000
   0.510500,  -1.200000,   3.520000
   0.510750,  -1.120000,   3.520000
   0.511000,  -1.040000,   3.520000
   0.511250,  -1.000000,   3.520000
   0.511500,  -0.920000,   3.520000
   0.511750,  -0.840000,   3.520000
