time,CH2
   0.000000,   3.520000
   0.000250,   3.520000
   0.000500,   3.520000
   0.000750,   3.520000
   0.001000,   3.520000
   0.001250,   3.520000
   0.001500,   3.520000
   0.001750,   3.520000
   0.002000,   3.520000
   0.002250,   3.520000
   0.002500,   3.520000
   0.002750,   3.520000
   0.003000,   3.520000
   0.003250,   3.520000
   0.003500,   3.520000
   0.003750,   3.520000
   0.004000,   3.520000
   0.004250,   3.520000
   0.004500,   3.520000
   0.004750,   3.520000
   0.005000,   3.520000
   0.005250,   3.520000
   0.005500,   3.520000
   0.005750,   3.520000
   0.006000,   3.520000
   0.006250,   3.520000
   0.006500,   3.520000
   0.006750,   3.520000
   0.007000,   3.520000
   0.007250,   3.520000
   0.007500,   3.520000
   0.007750,   3.520000
   0.008000,   3.520000
   0.008250,   3.520000
   0.008500,   3.520000
   0.008750,   3.520000
   0.009000,   3.520000
   0.009250,   3.520000
   0.009500,   3.520000
   0.009750,   3.520000
   0.010000,   3.520000
   0.010250,   3.520000
   0.010500,   3.520000
   0.010750,   3.520000
   0.011000,   3.520000
   0.011250,   3.520000
   0.011500,   3.520000
   0.011750,   3.520000
   0.012000,   3.520000
   0.012250,   3.520000
   0.012500,   3.520000
   0.012750,   3.520000
   0.013000,   3.520000
   0.013250,   3.520000
   0.013500,   3.520000
   0.013750,   3.520000
   0.014000,   3.520000
   0.014250,   3.520000
   0.014500,   3.520000
   0.014750,   3.520000
   0.015000,   3.520000
   0.015250,   3.520000
   0.015500,   3.520000
   0.015750,   3.520000
   0.016000,   3.520000
   0.016250,   3.520000
   0.016500,   3.520000
   0.016750,   3.520000
   0.017000,   3.520000
   0.017250,   3.520000
   0.017500,   3.520000
   0.017750,   3.520000
   0.018000,   3.520000
   0.018250,   3.520000
   0.018500,   3.520000
   0.018750,   3.520000
   0.019000,   3.520000
   0.019250,   3.520000
   0.019500,   3.520000
   0.019750,   3.520000
   0.020000,   3.520000
   0.020250,   3.520000
   0.020500,   3.520000
   0.020750,   3.520000
   0.021000,   3.520000
   0.021250,   3.520000
   0.021500,   3.520000
   0.021750,   3.520000
   0.022000,   3.520000
   0.022250,   3.520000
   0.022500,   3.520000
   0.022750,   3.520000
   0.023000,   3.520000
   0.023250,   3.520000
   0.023500,   3.520000
   0.023750,   3.520000
   0.024000,   3.520000
   0.024250,   3.520000
   0.024500,   3.520000
   0.024750,   3.520000
   0.025000,   3.520000
   0.025250,   3.520000
   0.025500,   3.520000
   0.025750,   3.520000
   0.026000,   3.520000
   0.026250,   3.520000
   0.026500,   3.520000
   0.026750,   3.520000
   0.027000,   3.520000
   0.027250,   3.520000
   0.027500,   3.520000
   0.027750,   3.520000
   0.028000,   3.520000
   0.028250,   3.520000
   0.028500,   3.520000
   0.028750,   3.520000
   0.029000,   3.520000
   0.029250,   3.520000
   0.029500,   3.520000
   0.029750,   3.520000
   0.030000,   3.520000
   0.030250,   3.520000
   0.030500,   3.520000
   0.030750,   3.520000
   0.031000,   3.520000
   0.031250,   3.520000
   0.031500,   3.520000
   0.031750,   3.520000
   0.032000,   3.520000
   0.032250,   3.520000
   0.032500,   3.520000
   0.032750,   3.520000
   0.033000,   3.520000
   0.033250,   3.520000
   0.033500,   3.520000
   0.033750,   3.520000
   0.034000,   3.520000
   0.034250,   3.520000
   0.034500,   3.520000
   0.034750,   3.520000
   0.035000,   3.520000
   0.035250,   3.520000
   0.035500,   3.520000
   0.035750,   3.520000
   0.036000,   3.520000
   0.036250,   3.520000
   0.036500,   3.520000
   0.036750,   3.520000
   0.037000,   3.520000
   0.037250,   3.520000
   0.037500,   3.520000
   0.037750,   3.520000
   0.038000,   3.520000
   0.038250,   3.520000
   0.038500,   3.520000
   0.038750,   3.520000
   0.039000,   3.520000
   0.039250,   3.520000
   0.039500,   3.520000
   0.039750,   3.520000
   0.040000,   3.520000
   0.040250,   3.520000
   0.040500,   3.520000
   0.040750,   3.520000
   0.041000,   3.520000
   0.041250,   3.520000
   0.041500,   3.520000
   0.041750,   3.520000
   0.042000,   3.520000
   0.042250,   3.520000
   0.042500,   3.520000
   0.042750,   3.520000
   0.043000,   3.520000
   0.043250,   3.520000
   0.043500,   3.520000
   0.043750,   3.520000
   0.044000,   3.520000
   0.044250,   3.520000
   0.044500,   3.520000
   0.044750,   3.520000
   0.045000,   3.520000
   0.045250,   3.520000
   0.045500,   3.520000
   0.045750,   3.520000
   0.046000,   3.520000
   0.046250,   3.520000
   0.046500,   3.520000
   0.046750,   3.520000
   0.047000,   3.520000
   0.047250,   3.520000
   0.047500,   3.520000
   0.047750,   3.520000
   0.048000,   3.520000
   0.048250,   3.520000
   0.048500,   3.520000
   0.048750,   3.520000
   0.049000,   3.520000
   0.049250,   3.520000
   0.049500,   3.520000
   0.049750,   3.520000
   0.050000,   3.520000
   0.050250,   3.520000
   0.050500,   3.520000
   0.050750,   3.520000
   0.051000,   3.520000
   0.051250,   3.520000
   0.051500,   3.520000
   0.051750,   3.520000
   0.052000,   3.520000
   0.052250,   3.520000
   0.052500,   3.520000
   0.052750,   3.520000
   0.053000,   3.520000
   0.053250,   3.520000
   0.053500,   3.520000
   0.053750,   3.520000
   0.054000,   3.520000
   0.054250,   3.520000
   0.054500,   3.520000
   0.054750,   3.520000
   0.055000,   3.520000
   0.055250,   3.520000
   0.055500,   3.520000
   0.055750,   3.520000
   0.056000,   3.520000
   0.056250,   3.520000
   0.056500,   3.520000
   0.056750,   3.520000
   0.057000,   3.520000
   0.057250,   3.520000
   0.057500,   3.520000
   0.057750,   3.520000
   0.058000,   3.520000
   0.058250,   3.520000
   0.058500,   3.520000
   0.058750,   3.520000
   0.059000,   3.520000
   0.059250,   3.520000
   0.059500,   3.520000
   0.059750,   3.520000
   0.060000,   3.520000
   0.060250,   3.520000
   0.060500,   3.520000
   0.060750,   3.520000
   0.061000,   3.520000
   0.061250,   3.520000
   0.061500,   3.520000
   0.061750,   3.520000
   0.062000,   3.520000
   0.062250,   3.520000
   0.062500,   3.520000
   0.062750,   3.520000
   0.063000,   3.520000
   0.063250,   3.520000
   0.063500,   3.520000
   0.063750,   3.520000
   0.064000,   3.520000
   0.064250,   3.520000
   0.064500,   3.520000
   0.064750,   3.520000
   0.065000,   3.520000
   0.065250,   3.520000
   0.065500,   3.520000
   0.065750,   3.520000
   0.066000,   3.520000
   0.066250,   3.520000
   0.066500,   3.520000
   0.066750,   3.520000
   0.067000,   3.520000
   0.067250,   3.520000
   0.067500,   3.520000
   0.067750,   3.520000
   0.068000,   3.520000
   0.068250,   3.520000
   0.068500,   3.520000
   0.068750,   3.520000
   0.069000,   3.520000
   0.069250,   3.520000
   0.069500,   3.520000
   0.069750,   3.520000
   0.070000,   3.520000
   0.070250,   3.520000
   0.070500,   3.520000
   0.070750,   3.520000
   0.071000,   3.520000
   0.071250,   3.520000
   0.071500,   3.520000
   0.071750,   3.520000
   0.072000,   3.520000
   0.072250,   3.520000
   0.072500,   3.520000
   0.072750,   3.520000
   0.073000,   3.520000
   0.073250,   3.520000
   0.073500,   3.520000
   0.073750,   3.520000
   0.074000,   3.520000
   0.074250,   3.520000
   0.074500,   3.520000
   0.074750,   3.520000
   0.075000,   3.520000
   0.075250,   3.520000
   0.075500,   3.520000
   0.075750,   3.520000
   0.076000,   3.520000
   0.076250,   3.520000
   0.076500,   3.520000
   0.076750,   3.520000
   0.077000,   3.520000
   0.077250,   3.520000
   0.077500,   3.520000
   0.077750,   3.520000
   0.078000,   3.520000
   0.078250,   3.520000
   0.078500,   3.520000
   0.078750,   3.520000
   0.079000,   3.520000
   0.079250,   3.520000
   0.079500,   3.520000
   0.079750,   3.520000
   0.080000,   3.520000
   0.080250,   3.520000
   0.080500,   3.520000
   0.080750,   3.520000
   0.081000,   3.520000
   0.081250,   3.520000
   0.081500,   3.520000
   0.081750,   3.520000
   0.082000,   3.520000
   0.082250,   3.520000
   0.082500,   3.520000
   0.082750,   3.520000
   0.083000,   3.520000
   0.083250,   3.520000
   0.083500,   3.520000
   0.083750,   3.520000
   0.084000,   3.520000
   0.084250,   3.520000
   0.084500,   3.520000
   0.084750,   3.520000
   0.085000,   3.520000
   0.085250,   3.520000
   0.085500,   3.520000
   0.085750,   3.520000
   0.086000,   3.520000
   0.086250,   3.520000
   0.086500,   3.520000
   0.086750,   3.520000
   0.087000,   3.520000
   0.087250,   3.520000
   0.087500,   3.520000
   0.087750,   3.520000
   0.088000,   3.520000
   0.088250,   3.520000
   0.088500,   3.520000
   0.088750,   3.520000
   0.089000,   3.520000
   0.089250,   3.520000
   0.089500,   3.520000
   0.089750,   3.520000
   0.090000,   3.520000
   0.090250,   3.520000
   0.090500,   3.520000
   0.090750,   3.520000
   0.091000,   3.520000
   0.091250,   3.520000
   0.091500,   3.520000
   0.091750,   3.520000
   0.092000,   3.520000
   0.092250,   3.520000
   0.092500,   3.520000
   0.092750,   3.520000
   0.093000,   3.520000
   0.093250,   3.520000
   0.093500,   3.520000
   0.093750,   3.520000
   0.094000,   3.520000
   0.094250,   3.520000
   0.094500,   3.520000
   0.094750,   3.520000
   0.095000,   3.520000
   0.095250,   3.520000
   0.095500,   3.520000
   0.095750,   3.520000
   0.096000,   3.520000
   0.096250,   3.520000
   0.096500,   3.520000
   0.096750,   3.520000
   0.097000,   3.520000
   0.097250,   3.520000
   0.097500,   3.520000
   0.097750,   3.520000
   0.098000,   3.520000
   0.098250,   3.520000
   0.098500,   3.520000
   0.098750,   3.520000
   0.099000,   3.520000
   0.099250,   3.520000
   0.099500,   3.520000
   0.099750,   3.520000
   0.100000,   3.520000
   0.100250,   3.520000
   0.100500,   3.520000
   0.100750,   3.520000
   0.101000,   3.520000
   0.101250,   3.520000
   0.101500,   3.520000
   0.101750,   3.520000
   0.102000,   3.520000
   0.102250,   3.520000
   0.102500,   3.520000
   0.102750,   3.520000
   0.103000,   3.520000
   0.103250,   3.520000
   0.103500,   3.520000
   0.103750,   3.520000
   0.104000,   3.520000
   0.104250,   3.520000
   0.104500,   3.520000
   0.104750,   3.520000
   0.105000,   3.520000
   0.105250,   3.520000
   0.105500,   3.520000
   0.105750,   3.520000
   0.106000,   3.520000
   0.106250,   3.520000
   0.106500,   3.520000
   0.106750,   3.520000
   0.107000,   3.520000
   0.107250,   3.520000
   0.107500,   3.520000
   0.107750,   3.520000
   0.108000,   3.520000
   0.108250,   3.520000
   0.108500,   3.520000
   0.108750,   3.520000
   0.109000,   3.520000
   0.109250,   3.520000
   0.109500,   3.520000
   0.109750,   3.520000
   0.110000,   3.520000
   0.110250,   3.520000
   0.110500,   3.520000
   0.110750,   3.520000
   0.111000,   3.520000
   0.111250,   3.520000
   0.111500,   3.520000
   0.111750,   3.520000
   0.112000,   3.520000
   0.112250,   3.520000
   0.112500,   3.520000
   0.112750,   3.520000
   0.113000,   3.520000
   0.113250,   3.520000
   0.113500,   3.520000
   0.113750,   3.520000
   0.114000,   3.520000
   0.114250,   3.520000
   0.114500,   3.520000
   0.114750,   3.520000
   0.115000,   3.520000
   0.115250,   3.520000
   0.115500,   3.520000
   0.115750,   3.520000
   0.116000,   3.520000
   0.116250,   3.520000
   0.116500,   3.520000
   0.116750,   3.520000
   0.117000,   3.520000
   0.117250,   3.520000
   0.117500,   3.520000
   0.117750,   3.520000
   0.118000,   3.520000
   0.118250,   3.520000
   0.118500,   3.520000
   0.118750,   3.520000
   0.119000,   3.520000
   0.119250,   3.520000
   0.119500,   3.520000
   0.119750,   3.520000
   0.120000,   3.520000
   0.120250,   3.520000
   0.120500,   3.520000
   0.120750,   3.520000
   0.121000,   3.520000
   0.121250,   3.520000
   0.121500,   3.520000
   0.121750,   3.520000
   0.122000,   3.520000
   0.122250,   3.520000
   0.122500,   3.520000
   0.122750,   3.520000
   0.123000,   3.520000
   0.123250,   3.520000
   0.123500,   3.520000
   0.123750,   3.520000
   0.124000,   3.520000
   0.124250,   3.520000
   0.124500,   3.520000
   0.124750,   3.520000
   0.125000,   3.520000
   0.125250,   3.520000
   0.125500,   3.520000
   0.125750,   3.520000
   0.126000,   3.520000
   0.126250,   3.520000
   0.126500,   3.520000
   0.126750,   3.520000
   0.127000,   3.520000
   0.127250,   3.520000
   0.127500,   3.520000
   0.127750,   3.520000
   0.128000,   3.520000
   0.128250,   3.520000
   0.128500,   3.520000
   0.128750,   3.520000
   0.129000,   3.520000
   0.129250,   3.520000
   0.129500,   3.520000
   0.129750,   3.520000
   0.130000,   3.520000
   0.130250,   3.520000
   0.130500,   3.520000
   0.130750,   3.520000
   0.131000,   3.520000
   0.131250,   3.520000
   0.131500,   3.520000
   0.131750,   3.520000
   0.132000,   3.520000
   0.132250,   3.520000
   0.132500,   3.520000
   0.132750,   3.520000
   0.133000,   3.520000
   0.133250,   3.520000
   0.133500,   3.520000
   0.133750,   3.520000
   0.134000,   3.520000
   0.134250,   3.520000
   0.134500,   3.520000
   0.134750,   3.520000
   0.135000,   3.520000
   0.135250,   3.520000
   0.135500,   3.520000
   0.135750,   3.520000
   0.136000,   3.520000
   0.136250,   3.520000
   0.136500,   3.520000
   0.136750,   3.520000
   0.137000,   3.520000
   0.137250,   3.520000
   0.137500,   3.520000
   0.137750,   3.520000
   0.138000,   3.520000
   0.138250,   3.520000
   0.138500,   3.520000
   0.138750,   3.520000
   0.139000,   3.520000
   0.139250,   3.520000
   0.139500,   3.520000
   0.139750,   3.520000
   0.140000,   3.520000
   0.140250,   3.520000
   0.140500,   3.520000
   0.140750,   3.520000
   0.141000,   3.520000
   0.141250,   3.520000
   0.141500,   3.520000
   0.141750,   3.520000
   0.142000,   3.520000
   0.142250,   3.520000
   0.142500,   3.520000
   0.142750,   3.520000
   0.143000,   3.520000
   0.143250,   3.520000
   0.143500,   3.520000
   0.143750,   3.520000
   0.144000,   3.520000
   0.144250,   3.520000
   0.144500,   3.520000
   0.144750,   3.520000
   0.145000,   3.520000
   0.145250,   3.520000
   0.145500,   3.520000
   0.145750,   3.520000
   0.146000,   3.520000
   0.146250,   3.520000
   0.146500,   3.520000
   0.146750,   3.520000
   0.147000,   3.520000
   0.147250,   3.520000
   0.147500,   3.520000
   0.147750,   3.520000
   0.148000,   3.520000
   0.148250,   3.520000
   0.148500,   3.520000
   0.148750,   3.520000
   0.149000,   3.520000
   0.149250,   3.520000
   0.149500,   3.520000
   0.149750,   3.520000
   0.150000,   3.520000
   0.150250,   3.520000
   0.150500,   3.520000
   0.150750,   3.520000
   0.151000,   3.520000
   0.151250,   3.520000
   0.151500,   3.520000
   0.151750,   3.520000
   0.152000,   3.520000
   0.152250,   3.520000
   0.152500,   3.520000
   0.152750,   3.520000
   0.153000,   3.520000
   0.153250,   3.520000
   0.153500,   3.520000
   0.153750,   3.520000
   0.154000,   3.520000
   0.154250,   3.520000
   0.154500,   3.520000
   0.154750,   3.520000
   0.155000,   3.520000
   0.155250,   3.520000
   0.155500,   3.520000
   0.155750,   3.520000
   0.156000,   3.520000
   0.156250,   3.520000
   0.156500,   3.520000
   0.156750,   3.520000
   0.157000,   3.520000
   0.157250,   3.520000
   0.157500,   3.520000
   0.157750,   3.520000
   0.158000,   3.520000
   0.158250,   3.520000
   0.158500,   3.520000
   0.158750,   3.520000
   0.159000,   3.520000
   0.159250,   3.520000
   0.159500,   3.520000
   0.159750,   3.520000
   0.160000,   3.520000
   0.160250,   3.520000
   0.160500,   3.520000
   0.160750,   3.520000
   0.161000,   3.520000
   0.161250,   3.520000
   0.161500,   3.520000
   0.161750,   3.520000
   0.162000,   3.520000
   0.162250,   3.520000
   0.162500,   3.520000
   0.162750,   3.520000
   0.163000,   3.520000
   0.163250,   3.520000
   0.163500,   3.520000
   0.163750,   3.520000
   0.164000,   3.520000
   0.164250,   3.520000
   0.164500,   3.520000
   0.164750,   3.520000
   0.165000,   3.520000
   0.165250,   3.520000
   0.165500,   3.520000
   0.165750,   3.520000
   0.166000,   3.520000
   0.166250,   3.520000
   0.166500,   3.520000
   0.166750,   3.520000
   0.167000,   3.520000
   0.167250,   3.520000
   0.167500,   3.520000
   0.167750,   3.520000
   0.168000,   3.520000
   0.168250,   3.520000
   0.168500,   3.520000
   0.168750,   3.520000
   0.169000,   3.520000
   0.169250,   3.520000
   0.169500,   3.520000
   0.169750,   3.520000
   0.170000,   3.520000
   0.170250,   3.520000
   0.170500,   3.520000
   0.170750,   3.520000
   0.171000,   3.520000
   0.171250,   3.520000
   0.171500,   3.520000
   0.171750,   3.520000
   0.172000,   3.520000
   0.172250,   3.520000
   0.172500,   3.520000
   0.172750,   3.520000
   0.173000,   3.520000
   0.173250,   3.520000
   0.173500,   3.520000
   0.173750,   3.520000
   0.174000,   3.520000
   0.174250,   3.520000
   0.174500,   3.520000
   0.174750,   3.520000
   0.175000,   3.520000
   0.175250,   3.520000
   0.175500,   3.520000
   0.175750,   3.520000
   0.176000,   3.520000
   0.176250,   3.520000
   0.176500,   3.520000
   0.176750,   3.520000
   0.177000,   3.520000
   0.177250,   3.520000
   0.177500,   3.520000
   0.177750,   3.520000
   0.178000,   3.520000
   0.178250,   3.520000
   0.178500,   3.520000
   0.178750,   3.520000
   0.179000,   3.520000
   0.179250,   3.520000
   0.179500,   3.520000
   0.179750,   3.520000
   0.180000,   3.520000
   0.180250,   3.520000
   0.180500,   3.520000
   0.180750,   3.520000
   0.181000,   3.520000
   0.181250,   3.520000
   0.181500,   3.520000
   0.181750,   3.520000
   0.182000,   3.520000
   0.182250,   3.520000
   0.182500,   3.520000
   0.182750,   3.520000
   0.183000,   3.520000
   0.183250,   3.520000
   0.183500,   3.520000
   0.183750,   3.520000
   0.184000,   3.520000
   0.184250,   3.520000
   0.184500,   3.520000
   0.184750,   3.520000
   0.185000,   3.520000
   0.185250,   3.520000
   0.185500,   3.520000
   0.185750,   3.520000
   0.186000,   3.520000
   0.186250,   3.520000
   0.186500,   3.520000
   0.186750,   3.520000
   0.187000,   3.520000
   0.187250,   3.520000
   0.187500,   3.520000
   0.187750,   3.520000
   0.188000,   3.520000
   0.188250,   3.520000
   0.188500,   3.520000
   0.188750,   3.520000
   0.189000,   3.520000
   0.189250,   3.520000
   0.189500,   3.520000
   0.189750,   3.520000
   0.190000,   3.520000
   0.190250,   3.520000
   0.190500,   3.520000
   0.190750,   3.520000
   0.191000,   3.520000
   0.191250,   3.520000
   0.191500,   3.520000
   0.191750,   3.520000
   0.192000,   3.520000
   0.192250,   3.520000
   0.192500,   3.520000
   0.192750,   3.520000
   0.193000,   3.520000
   0.193250,   3.520000
   0.193500,   3.520000
   0.193750,   3.520000
   0.194000,   3.520000
   0.194250,   3.520000
   0.194500,   3.520000
   0.194750,   3.520000
   0.195000,   3.520000
   0.195250,   3.520000
   0.195500,   3.520000
   0.195750,   3.520000
   0.196000,   3.520000
   0.196250,   3.520000
   0.196500,   3.520000
   0.196750,   3.520000
   0.197000,   3.520000
   0.197250,   3.520000
   0.197500,   3.520000
   0.197750,   3.520000
   0.198000,   3.520000
   0.198250,   3.520000
   0.198500,   3.520000
   0.198750,   3.520000
   0.199000,   3.520000
   0.199250,   3.520000
   0.199500,   3.520000
   0.199750,   3.520000
   0.200000,   3.520000
   0.200250,   3.520000
   0.200500,   3.520000
   0.200750,   3.520000
   0.201000,   3.520000
   0.201250,   3.520000
   0.201500,   3.520000
   0.201750,   3.520000
   0.202000,   3.520000
   0.202250,   3.520000
   0.202500,   3.520000
   0.202750,   3.520000
   0.203000,   3.520000
   0.203250,   3.520000
   0.203500,   3.520000
   0.203750,   3.520000
   0.204000,   3.520000
   0.204250,   3.520000
   0.204500,   3.520000
   0.204750,   3.520000
   0.205000,   3.520000
   0.205250,   3.520000
   0.205500,   3.520000
   0.205750,   3.520000
   0.206000,   3.520000
   0.206250,   3.520000
   0.206500,   3.520000
   0.206750,   3.520000
   0.207000,   3.520000
   0.207250,   3.520000
   0.207500,   3.520000
   0.207750,   3.520000
   0.208000,   3.520000
   0.208250,   3.520000
   0.208500,   3.520000
   0.208750,   3.520000
   0.209000,   3.520000
   0.209250,   3.520000
   0.209500,   3.520000
   0.209750,   3.520000
   0.210000,   3.520000
   0.210250,   3.520000
   0.210500,   3.520000
   0.210750,   3.520000
   0.211000,   3.520000
   0.211250,   3.520000
   0.211500,   3.520000
   0.211750,   3.520000
   0.212000,   3.520000
   0.212250,   3.520000
   0.212500,   3.520000
   0.212750,   3.520000
   0.213000,   3.520000
   0.213250,   3.520000
   0.213500,   3.520000
   0.213750,   3.520000
   0.214000,   3.520000
   0.214250,   3.520000
   0.214500,   3.520000
   0.214750,   3.520000
   0.215000,   3.520000
   0.215250,   3.520000
   0.215500,   3.520000
   0.215750,   3.520000
   0.216000,   3.520000
   0.216250,   3.520000
   0.216500,   3.520000
   0.216750,   3.520000
   0.217000,   3.520000
   0.217250,   3.520000
   0.217500,   3.520000
   0.217750,   3.520000
   0.218000,   3.520000
   0.218250,   3.520000
   0.218500,   3.520000
   0.218750,   3.520000
   0.219000,   3.520000
   0.219250,   3.520000
   0.219500,   3.520000
   0.219750,   3.520000
   0.220000,   3.520000
   0.220250,   3.520000
   0.220500,   3.520000
   0.220750,   3.520000
   0.221000,   3.520000
   0.221250,   3.520000
   0.221500,   3.520000
   0.221750,   3.520000
   0.222000,   3.520000
   0.222250,   3.520000
   0.222500,   3.520000
   0.222750,   3.520000
   0.223000,   3.520000
   0.223250,   3.520000
   0.223500,   3.520000
   0.223750,   3.520000
   0.224000,   3.520000
   0.224250,   3.520000
   0.224500,   3.520000
   0.224750,   3.520000
   0.225000,   3.520000
   0.225250,   3.520000
   0.225500,   3.520000
   0.225750,   3.520000
   0.226000,   3.520000
   0.226250,   3.520000
   0.226500,   3.520000
   0.226750,   3.520000
   0.227000,   3.520000
   0.227250,   3.520000
   0.227500,   3.520000
   0.227750,   3.520000
   0.228000,   3.520000
   0.228250,   3.520000
   0.228500,   3.520000
   0.228750,   3.520000
   0.229000,   3.520000
   0.229250,   3.520000
   0.229500,   3.520000
   0.229750,   3.520000
   0.230000,   3.520000
   0.230250,   3.520000
   0.230500,   3.520000
   0.230750,   3.520000
   0.231000,   3.520000
   0.231250,   3.520000
   0.231500,   3.520000
   0.231750,   3.520000
   0.232000,   3.520000
   0.232250,   3.520000
   0.232500,   3.520000
   0.232750,   3.520000
   0.233000,   3.520000
   0.233250,   3.520000
   0.233500,   3.520000
   0.233750,   3.520000
   0.234000,   3.520000
   0.234250,   3.520000
   0.234500,   3.520000
   0.234750,   3.520000
   0.235000,   3.520000
   0.235250,   3.520000
   0.235500,   3.520000
   0.235750,   3.520000
   0.236000,   3.520000
   0.236250,   3.520000
   0.236500,   3.520000
   0.236750,   3.520000
   0.237000,   3.520000
   0.237250,   3.520000
   0.237500,   3.520000
   0.237750,   3.520000
   0.238000,   3.520000
   0.238250,   3.520000
   0.238500,   3.520000
   0.238750,   3.520000
   0.239000,   3.520000
   0.239250,   3.520000
   0.239500,   3.520000
   0.239750,   3.520000
   0.240000,   3.520000
   0.240250,   3.520000
   0.240500,   3.520000
   0.240750,   3.520000
   0.241000,   3.520000
   0.241250,   3.520000
   0.241500,   3.520000
   0.241750,   3.520000
   0.242000,   3.520000
   0.242250,   3.520000
   0.242500,   3.520000
   0.242750,   3.520000
   0.243000,   3.520000
   0.243250,   3.520000
   0.243500,   3.520000
   0.243750,   3.520000
   0.244000,   3.520000
   0.244250,   3.520000
   0.244500,   3.520000
   0.244750,   3.520000
   0.245000,   3.520000
   0.245250,   3.520000
   0.245500,   3.520000
   0.245750,   3.520000
   0.246000,   3.520000
   0.246250,   3.520000
   0.246500,   3.520000
   0.246750,   3.520000
   0.247000,   3.520000
   0.247250,   3.520000
   0.247500,   3.520000
   0.247750,   3.520000
   0.248000,   3.520000
   0.248250,   3.520000
   0.248500,   3.520000
   0.248750,   3.520000
   0.249000,   3.520000
   0.249250,   3.520000
   0.249500,   3.520000
   0.249750,   3.520000
   0.250000,   3.520000
   0.250250,   3.520000
   0.250500,   3.520000
   0.250750,   3.520000
   0.251000,   3.520000
   0.251250,   3.520000
   0.251500,   3.520000
   0.251750,   3.520000
   0.252000,   3.520000
   0.252250,   3.520000
   0.252500,   3.520000
   0.252750,   3.520000
   0.253000,   3.520000
   0.253250,   3.520000
   0.253500,   3.520000
   0.253750,   3.520000
   0.254000,   3.520000
   0.254250,   3.520000
   0.254500,   3.520000
   0.254750,   3.520000
   0.255000,   3.520000
   0.255250,   3.520000
   0.255500,   3.520000
   0.255750,   3.520000
   0.256000,   3.520000
   0.256250,   3.520000
   0.256500,   3.520000
   0.256750,   3.520000
   0.257000,   3.520000
   0.257250,   3.520000
   0.257500,   3.520000
   0.257750,   3.520000
   0.258000,   3.520000
   0.258250,   3.520000
   0.258500,   3.520000
   0.258750,   3.520000
   0.259000,   3.520000
   0.259250,   3.520000
   0.259500,   3.520000
   0.259750,   3.520000
   0.260000,   3.520000
   0.260250,   3.520000
   0.260500,   3.520000
   0.260750,   3.520000
   0.261000,   3.520000
   0.261250,   3.520000
   0.261500,   3.520000
   0.261750,   3.520000
   0.262000,   3.520000
   0.262250,   3.520000
   0.262500,   3.520000
   0.262750,   3.520000
   0.263000,   3.520000
   0.263250,   3.520000
   0.263500,   3.520000
   0.263750,   3.520000
   0.264000,   3.520000
   0.264250,   3.520000
   0.264500,   3.520000
   0.264750,   3.520000
   0.265000,   3.520000
   0.265250,   3.520000
   0.265500,   3.520000
   0.265750,   3.520000
   0.266000,   3.520000
   0.266250,   3.520000
   0.266500,   3.520000
   0.266750,   3.520000
   0.267000,   3.520000
   0.267250,   3.520000
   0.267500,   3.520000
   0.267750,   3.520000
   0.268000,   3.520000
   0.268250,   3.520000
   0.268500,   3.520000
   0.268750,   3.520000
   0.269000,   3.520000
   0.269250,   3.520000
   0.269500,   3.520000
   0.269750,   3.520000
   0.270000,   3.520000
   0.270250,   3.520000
   0.270500,   3.520000
   0.270750,   3.520000
   0.271000,   3.520000
   0.271250,   3.520000
   0.271500,   3.520000
   0.271750,   3.520000
   0.272000,   3.520000
   0.272250,   3.520000
   0.272500,   3.520000
   0.272750,   3.520000
   0.273000,   3.520000
   0.273250,   3.520000
   0.273500,   3.520000
   0.273750,   3.520000
   0.274000,   3.520000
   0.274250,   3.520000
   0.274500,   3.520000
   0.274750,   3.520000
   0.275000,   3.520000
   0.275250,   3.520000
   0.275500,   3.520000
   0.275750,   3.520000
   0.276000,   3.520000
   0.276250,   3.520000
   0.276500,   3.520000
   0.276750,   3.520000
   0.277000,   3.520000
   0.277250,   3.520000
   0.277500,   3.520000
   0.277750,   3.520000
   0.278000,   3.520000
   0.278250,   3.520000
   0.278500,   3.520000
   0.278750,   3.520000
   0.279000,   3.520000
   0.279250,   3.520000
   0.279500,   3.520000
   0.279750,   3.520000
   0.280000,   3.520000
   0.280250,   3.520000
   0.280500,   3.520000
   0.280750,   3.520000
   0.281000,   3.520000
   0.281250,   3.520000
   0.281500,   3.520000
   0.281750,   3.520000
   0.282000,   3.520000
   0.282250,   3.520000
   0.282500,   3.520000
   0.282750,   3.520000
   0.283000,   3.520000
   0.283250,   3.520000
   0.283500,   3.520000
   0.283750,   3.520000
   0.284000,   3.520000
   0.284250,   3.520000
   0.284500,   3.520000
   0.284750,   3.520000
   0.285000,   3.520000
   0.285250,   3.520000
   0.285500,   3.520000
   0.285750,   3.520000
   0.286000,   3.520000
   0.286250,   3.520000
   0.286500,   3.520000
   0.286750,   3.520000
   0.287000,   3.520000
   0.287250,   3.520000
   0.287500,   3.520000
   0.287750,   3.520000
   0.288000,   3.520000
   0.288250,   3.520000
   0.288500,   3.520000
   0.288750,   3.520000
   0.289000,   3.520000
   0.289250,   3.520000
   0.289500,   3.520000
   0.289750,   3.520000
   0.290000,   3.520000
   0.290250,   3.520000
   0.290500,   3.520000
   0.290750,   3.520000
   0.291000,   3.520000
   0.291250,   3.520000
   0.291500,   3.520000
   0.291750,   3.520000
   0.292000,   3.520000
   0.292250,   3.520000
   0.292500,   3.520000
   0.292750,   3.520000
   0.293000,   3.520000
   0.293250,   3.520000
   0.293500,   3.520000
   0.293750,   3.520000
   0.294000,   3.520000
   0.294250,   3.520000
   0.294500,   3.520000
   0.294750,   3.520000
   0.295000,   3.520000
   0.295250,   3.520000
   0.295500,   3.520000
   0.295750,   3.520000
   0.296000,   3.520000
   0.296250,   3.520000
   0.296500,   3.520000
   0.296750,   3.520000
   0.297000,   3.520000
   0.297250,   3.520000
   0.297500,   3.520000
   0.297750,   3.520000
   0.298000,   3.520000
   0.298250,   3.520000
   0.298500,   3.520000
   0.298750,   3.520000
   0.299000,   3.520000
   0.299250,   3.520000
   0.299500,   3.520000
   0.299750,   3.520000
   0.300000,   3.520000
   0.300250,   3.520000
   0.300500,   3.520000
   0.300750,   3.520000
   0.301000,   3.520000
   0.301250,   3.520000
   0.301500,   3.520000
   0.301750,   3.520000
   0.302000,   3.520000
   0.302250,   3.520000
   0.302500,   3.520000
   0.302750,   3.520000
   0.303000,   3.520000
   0.303250,   3.520000
   0.303500,   3.520000
   0.303750,   3.520000
   0.304000,   3.520000
   0.304250,   3.520000
   0.304500,   3.520000
   0.304750,   3.520000
   0.305000,   3.520000
   0.305250,   3.520000
   0.305500,   3.520000
   0.305750,   3.520000
   0.306000,   3.520000
   0.306250,   3.520000
   0.306500,   3.520000
   0.306750,   3.520000
   0.307000,   3.520000
   0.307250,   3.520000
   0.307500,   3.520000
   0.307750,   3.520000
   0.308000,   3.520000
   0.308250,   3.520000
   0.308500,   3.520000
   0.308750,   3.520000
   0.309000,   3.520000
   0.309250,   3.520000
   0.309500,   3.520000
   0.309750,   3.520000
   0.310000,   3.520000
   0.310250,   3.520000
   0.310500,   3.520000
   0.310750,   3.520000
   0.311000,   3.520000
   0.311250,   3.520000
   0.311500,   3.520000
   0.311750,   3.520000
   0.312000,   3.520000
   0.312250,   3.520000
   0.312500,   3.520000
   0.312750,   3.520000
   0.313000,   3.520000
   0.313250,   3.520000
   0.313500,   3.520000
   0.313750,   3.520000
   0.314000,   3.520000
   0.314250,   3.520000
   0.314500,   3.520000
   0.314750,   3.520000
   0.315000,   3.520000
   0.315250,   3.520000
   0.315500,   3.520000
   0.315750,   3.520000
   0.316000,   3.520000
   0.316250,   3.520000
   0.316500,   3.520000
   0.316750,   3.520000
   0.317000,   3.520000
   0.317250,   3.520000
   0.317500,   3.520000
   0.317750,   3.520000
   0.318000,   3.520000
   0.318250,   3.520000
   0.318500,   3.520000
   0.318750,   3.520000
   0.319000,   3.520000
   0.319250,   3.520000
   0.319500,   3.520000
   0.319750,   3.520000
   0.320000,   3.520000
   0.320250,   3.520000
   0.320500,   3.520000
   0.320750,   3.520000
   0.321000,   3.520000
   0.321250,   3.520000
   0.321500,   3.520000
   0.321750,   3.520000
   0.322000,   3.520000
   0.322250,   3.520000
   0.322500,   3.520000
   0.322750,   3.520000
   0.323000,   3.520000
   0.323250,   3.520000
   0.323500,   3.520000
   0.323750,   3.520000
   0.324000,   3.520000
   0.324250,   3.520000
   0.324500,   3.520000
   0.324750,   3.520000
   0.325000,   3.520000
   0.325250,   3.520000
   0.325500,   3.520000
   0.325750,   3.520000
   0.326000,   3.520000
   0.326250,   3.520000
   0.326500,   3.520000
   0.326750,   3.520000
   0.327000,   3.520000
   0.327250,   3.520000
   0.327500,   3.520000
   0.327750,   3.520000
   0.328000,   3.520000
   0.328250,   3.520000
   0.328500,   3.520000
   0.328750,   3.520000
   0.329000,   3.520000
   0.329250,   3.520000
   0.329500,   3.520000
   0.329750,   3.520000
   0.330000,   3.520000
   0.330250,   3.520000
   0.330500,   3.520000
   0.330750,   3.520000
   0.331000,   3.520000
   0.331250,   3.520000
   0.331500,   3.520000
   0.331750,   3.520000
   0.332000,   3.520000
   0.332250,   3.520000
   0.332500,   3.520000
   0.332750,   3.520000
   0.333000,   3.520000
   0.333250,   3.520000
   0.333500,   3.520000
   0.333750,   3.520000
   0.334000,   3.520000
   0.334250,   3.520000
   0.334500,   3.520000
   0.334750,   3.520000
   0.335000,   3.520000
   0.335250,   3.520000
   0.335500,   3.520000
   0.335750,   3.520000
   0.336000,   3.520000
   0.336250,   3.520000
   0.336500,   3.520000
   0.336750,   3.520000
   0.337000,   3.520000
   0.337250,   3.520000
   0.337500,   3.520000
   0.337750,   3.520000
   0.338000,   3.520000
   0.338250,   3.520000
   0.338500,   3.520000
   0.338750,   3.520000
   0.339000,   3.520000
   0.339250,   3.520000
   0.339500,   3.520000
   0.339750,   3.520000
   0.340000,   3.520000
   0.340250,   3.520000
   0.340500,   3.520000
   0.340750,   3.520000
   0.341000,   3.520000
   0.341250,   3.520000
   0.341500,   3.520000
   0.341750,   3.520000
   0.342000,   3.520000
   0.342250,   3.520000
   0.342500,   3.520000
   0.342750,   3.520000
   0.343000,   3.520000
   0.343250,   3.520000
   0.343500,   3.520000
   0.343750,   3.520000
   0.344000,   3.520000
   0.344250,   3.520000
   0.344500,   3.520000
   0.344750,   3.520000
   0.345000,   3.520000
   0.345250,   3.520000
   0.345500,   3.520000
   0.345750,   3.520000
   0.346000,   3.520000
   0.346250,   3.520000
   0.346500,   3.520000
   0.346750,   3.520000
   0.347000,   3.520000
   0.347250,   3.520000
   0.347500,   3.520000
   0.347750,   3.520000
   0.348000,   3.520000
   0.348250,   3.520000
   0.348500,   3.520000
   0.348750,   3.520000
   0.349000,   3.520000
   0.349250,   3.520000
   0.349500,   3.520000
   0.349750,   3.520000
   0.350000,   3.520000
   0.350250,   3.520000
   0.350500,   3.520000
   0.350750,   3.520000
   0.351000,   3.520000
   0.351250,   3.520000
   0.351500,   3.520000
   0.351750,   3.520000
   0.352000,   3.520000
   0.352250,   3.520000
   0.352500,   3.520000
   0.352750,   3.520000
   0.353000,   3.520000
   0.353250,   3.520000
   0.353500,   3.520000
   0.353750,   3.520000
   0.354000,   3.520000
   0.354250,   3.520000
   0.354500,   3.520000
   0.354750,   3.520000
   0.355000,   3.520000
   0.355250,   3.520000
   0.355500,   3.520000
   0.355750,   3.520000
   0.356000,   3.520000
   0.356250,   3.520000
   0.356500,   3.520000
   0.356750,   3.520000
   0.357000,   3.520000
   0.357250,   3.520000
   0.357500,   3.520000
   0.357750,   3.520000
   0.358000,   3.520000
   0.358250,   3.520000
   0.358500,   3.520000
   0.358750,   3.520000
   0.359000,   3.520000
   0.359250,   3.520000
   0.359500,   3.520000
   0.359750,   3.520000
   0.360000,   3.520000
   0.360250,   3.520000
   0.360500,   3.520000
   0.360750,   3.520000
   0.361000,   3.520000
   0.361250,   3.520000
   0.361500,   3.520000
   0.361750,   3.520000
   0.362000,   3.520000
   0.362250,   3.520000
   0.362500,   3.520000
   0.362750,   3.520000
   0.363000,   3.520000
   0.363250,   3.520000
   0.363500,   3.520000
   0.363750,   3.520000
   0.364000,   3.520000
   0.364250,   3.520000
   0.364500,   3.520000
   0.364750,   3.520000
   0.365000,   3.520000
   0.365250,   3.520000
   0.365500,   3.520000
   0.365750,   3.520000
   0.366000,   3.520000
   0.366250,   3.520000
   0.366500,   3.520000
   0.366750,   3.520000
   0.367000,   3.520000
   0.367250,   3.520000
   0.367500,   3.520000
   0.367750,   3.520000
   0.368000,   3.520000
   0.368250,   3.520000
   0.368500,   3.520000
   0.368750,   3.520000
   0.369000,   3.520000
   0.369250,   3.520000
   0.369500,   3.520000
   0.369750,   3.520000
   0.370000,   3.520000
   0.370250,   3.520000
   0.370500,   3.520000
   0.370750,   3.520000
   0.371000,   3.520000
   0.371250,   3.520000
   0.371500,   3.520000
   0.371750,   3.520000
   0.372000,   3.520000
   0.372250,   3.520000
   0.372500,   3.520000
   0.372750,   3.520000
   0.373000,   3.520000
   0.373250,   3.520000
   0.373500,   3.520000
   0.373750,   3.520000
   0.374000,   3.520000
   0.374250,   3.520000
   0.374500,   3.520000
   0.374750,   3.520000
   0.375000,   3.520000
   0.375250,   3.520000
   0.375500,   3.520000
   0.375750,   3.520000
   0.376000,   3.520000
   0.376250,   3.520000
   0.376500,   3.520000
   0.376750,   3.520000
   0.377000,   3.520000
   0.377250,   3.520000
   0.377500,   3.520000
   0.377750,   3.520000
   0.378000,   3.520000
   0.378250,   3.520000
   0.378500,   3.520000
   0.378750,   3.520000
   0.379000,   3.520000
   0.379250,   3.520000
   0.379500,   3.520000
   0.379750,   3.520000
   0.380000,   3.520000
   0.380250,   3.520000
   0.380500,   3.520000
   0.380750,   3.520000
   0.381000,   3.520000
   0.381250,   3.520000
   0.381500,   3.520000
   0.381750,   3.520000
   0.382000,   3.520000
   0.382250,   3.520000
   0.382500,   3.520000
   0.382750,   3.520000
   0.383000,   3.520000
   0.383250,   3.520000
   0.383500,   3.520000
   0.383750,   3.520000
   0.384000,   3.520000
   0.384250,   3.520000
   0.384500,   3.520000
   0.384750,   3.520000
   0.385000,   3.520000
   0.385250,   3.520000
   0.385500,   3.520000
   0.385750,   3.520000
   0.386000,   3.520000
   0.386250,   3.520000
   0.386500,   3.520000
   0.386750,   3.520000
   0.387000,   3.520000
   0.387250,   3.520000
   0.387500,   3.520000
   0.387750,   3.520000
   0.388000,   3.520000
   0.388250,   3.520000
   0.388500,   3.520000
   0.388750,   3.520000
   0.389000,   3.520000
   0.389250,   3.520000
   0.389500,   3.520000
   0.389750,   3.520000
   0.390000,   3.520000
   0.390250,   3.520000
   0.390500,   3.520000
   0.390750,   3.520000
   0.391000,   3.520000
   0.391250,   3.520000
   0.391500,   3.520000
   0.391750,   3.520000
   0.392000,   3.520000
   0.392250,   3.520000
   0.392500,   3.520000
   0.392750,   3.520000
   0.393000,   3.520000
   0.393250,   3.520000
   0.393500,   3.520000
   0.393750,   3.520000
   0.394000,   3.520000
   0.394250,   3.520000
   0.394500,   3.520000
   0.394750,   3.520000
   0.395000,   3.520000
   0.395250,   3.520000
   0.395500,   3.520000
   0.395750,   3.520000
   0.396000,   3.520000
   0.396250,   3.520000
   0.396500,   3.520000
   0.396750,   3.520000
   0.397000,   3.520000
   0.397250,   3.520000
   0.397500,   3.520000
   0.397750,   3.520000
   0.398000,   3.520000
   0.398250,   3.520000
   0.398500,   3.520000
   0.398750,   3.520000
   0.399000,   3.520000
   0.399250,   3.520000
   0.399500,   3.520000
   0.399750,   3.520000
   0.400000,   3.520000
   0.400250,   3.520000
   0.400500,   3.520000
   0.400750,   3.520000
   0.401000,   3.520000
   0.401250,   3.520000
   0.401500,   3.520000
   0.401750,   3.520000
   0.402000,   3.520000
   0.402250,   3.520000
   0.402500,   3.520000
   0.402750,   3.520000
   0.403000,   3.520000
   0.403250,   3.520000
   0.403500,   3.520000
   0.403750,   3.520000
   0.404000,   3.520000
   0.404250,   3.520000
   0.404500,   3.520000
   0.404750,   3.520000
   0.405000,   3.520000
   0.405250,   3.520000
   0.405500,   3.520000
   0.405750,   3.520000
   0.406000,   3.520000
   0.406250,   3.520000
   0.406500,   3.520000
   0.406750,   3.520000
   0.407000,   3.520000
   0.407250,   3.520000
   0.407500,   3.520000
   0.407750,   3.520000
   0.408000,   3.520000
   0.408250,   3.520000
   0.408500,   3.520000
   0.408750,   3.520000
   0.409000,   3.520000
   0.409250,   3.520000
   0.409500,   3.520000
   0.409750,   3.520000
   0.410000,   3.520000
   0.410250,   3.520000
   0.410500,   3.520000
   0.410750,   3.520000
   0.411000,   3.520000
   0.411250,   3.520000
   0.411500,   3.520000
   0.411750,   3.520000
   0.412000,   3.520000
   0.412250,   3.520000
   0.412500,   3.520000
   0.412750,   3.520000
   0.413000,   3.520000
   0.413250,   3.520000
   0.413500,   3.520000
   0.413750,   3.520000
   0.414000,   3.520000
   0.414250,   3.520000
   0.414500,   3.520000
   0.414750,   3.520000
   0.415000,   3.520000
   0.415250,   3.520000
   0.415500,   3.520000
   0.415750,   3.520000
   0.416000,   3.520000
   0.416250,   3.520000
   0.416500,   3.520000
   0.416750,   3.520000
   0.417000,   3.520000
   0.417250,   3.520000
   0.417500,   3.520000
   0.417750,   3.520000
   0.418000,   3.520000
   0.418250,   3.520000
   0.418500,   3.520000
   0.418750,   3.520000
   0.419000,   3.520000
   0.419250,   3.520000
   0.419500,   3.520000
   0.419750,   3.520000
   0.420000,   3.520000
   0.420250,   3.520000
   0.420500,   3.520000
   0.420750,   3.520000
   0.421000,   3.520000
   0.421250,   3.520000
   0.421500,   3.520000
   0.421750,   3.520000
   0.422000,   3.520000
   0.422250,   3.520000
   0.422500,   3.520000
   0.422750,   3.520000
   0.423000,   3.520000
   0.423250,   3.520000
   0.423500,   3.520000
   0.423750,   3.520000
   0.424000,   3.520000
   0.424250,   3.520000
   0.424500,   3.520000
   0.424750,   3.520000
   0.425000,   3.520000
   0.425250,   3.520000
   0.425500,   3.520000
   0.425750,   3.520000
   0.426000,   3.520000
   0.426250,   3.520000
   0.426500,   3.520000
   0.426750,   3.520000
   0.427000,   3.520000
   0.427250,   3.520000
   0.427500,   3.520000
   0.427750,   3.520000
   0.428000,   3.520000
   0.428250,   3.520000
   0.428500,   3.520000
   0.428750,   3.520000
   0.429000,   3.520000
   0.429250,   3.520000
   0.429500,   3.520000
   0.429750,   3.520000
   0.430000,   3.520000
   0.430250,   3.520000
   0.430500,   3.520000
   0.430750,   3.520000
   0.431000,   3.520000
   0.431250,   3.520000
   0.431500,   3.520000
   0.431750,   3.520000
   0.432000,   3.520000
   0.432250,   3.520000
   0.432500,   3.520000
   0.432750,   3.520000
   0.433000,   3.520000
   0.433250,   3.520000
   0.433500,   3.520000
   0.433750,   3.520000
   0.434000,   3.520000
   0.434250,   3.520000
   0.434500,   3.520000
   0.434750,   3.520000
   0.435000,   3.520000
   0.435250,   3.520000
   0.435500,   3.520000
   0.435750,   3.520000
   0.436000,   3.520000
   0.436250,   3.520000
   0.436500,   3.520000
   0.436750,   3.520000
   0.437000,   3.520000
   0.437250,   3.520000
   0.437500,   3.520000
   0.437750,   3.520000
   0.438000,   3.520000
   0.438250,   3.520000
   0.438500,   3.520000
   0.438750,   3.520000
   0.439000,   3.520000
   0.439250,   3.520000
   0.439500,   3.520000
   0.439750,   3.520000
   0.440000,   3.520000
   0.440250,   3.520000
   0.440500,   3.520000
   0.440750,   3.520000
   0.441000,   3.520000
   0.441250,   3.520000
   0.441500,   3.520000
   0.441750,   3.520000
   0.442000,   3.520000
   0.442250,   3.520000
   0.442500,   3.520000
   0.442750,   3.520000
   0.443000,   3.520000
   0.443250,   3.520000
   0.443500,   3.520000
   0.443750,   3.520000
   0.444000,   3.520000
   0.444250,   3.520000
   0.444500,   3.520000
   0.444750,   3.520000
   0.445000,   3.520000
   0.445250,   3.520000
   0.445500,   3.520000
   0.445750,   3.520000
   0.446000,   3.520000
   0.446250,   3.520000
   0.446500,   3.520000
   0.446750,   3.520000
   0.447000,   3.520000
   0.447250,   3.520000
   0.447500,   3.520000
   0.447750,   3.520000
   0.448000,   3.520000
   0.448250,   3.520000
   0.448500,   3.520000
   0.448750,   3.520000
   0.449000,   3.520000
   0.449250,   3.520000
   0.449500,   3.520000
   0.449750,   3.520000
   0.450000,   3.520000
   0.450250,   3.520000
   0.450500,   3.520000
   0.450750,   3.520000
   0.451000,   3.520000
   0.451250,   3.520000
   0.451500,   3.520000
   0.451750,   3.520000
   0.452000,   3.520000
   0.452250,   3.520000
   0.452500,   3.520000
   0.452750,   3.520000
   0.453000,   3.520000
   0.453250,   3.520000
   0.453500,   3.520000
   0.453750,   3.520000
   0.454000,   3.520000
   0.454250,   3.520000
   0.454500,   3.520000
   0.454750,   3.520000
   0.455000,   3.520000
   0.455250,   3.520000
   0.455500,   3.520000
   0.455750,   3.520000
   0.456000,   3.520000
   0.456250,   3.520000
   0.456500,   3.520000
   0.456750,   3.520000
   0.457000,   3.520000
   0.457250,   3.520000
   0.457500,   3.520000
   0.457750,   3.520000
   0.458000,   3.520000
   0.458250,   3.520000
   0.458500,   3.520000
   0.458750,   3.520000
   0.459000,   3.520000
   0.459250,   3.520000
   0.459500,   3.520000
   0.459750,   3.520000
   0.460000,   3.520000
   0.460250,   3.520000
   0.460500,   3.520000
   0.460750,   3.520000
   0.461000,   3.520000
   0.461250,   3.520000
   0.461500,   3.520000
   0.461750,   3.520000
   0.462000,   3.520000
   0.462250,   3.520000
   0.462500,   3.520000
   0.462750,   3.520000
   0.463000,   3.520000
   0.463250,   3.520000
   0.463500,   3.520000
   0.463750,   3.520000
   0.464000,   3.520000
   0.464250,   3.520000
   0.464500,   3.520000
   0.464750,   3.520000
   0.465000,   3.520000
   0.465250,   3.520000
   0.465500,   3.520000
   0.465750,   3.520000
   0.466000,   3.520000
   0.466250,   3.520000
   0.466500,   3.520000
   0.466750,   3.520000
   0.467000,   3.520000
   0.467250,   3.520000
   0.467500,   3.520000
   0.467750,   3.520000
   0.468000,   3.520000
   0.468250,   3.520000
   0.468500,   3.520000
   0.468750,   3.520000
   0.469000,   3.520000
   0.469250,   3.520000
   0.469500,   3.520000
   0.469750,   3.520000
   0.470000,   3.520000
   0.470250,   3.520000
   0.470500,   3.520000
   0.470750,   3.520000
   0.471000,   3.520000
   0.471250,   3.520000
   0.471500,   3.520000
   0.471750,   3.520000
   0.472000,   3.520000
   0.472250,   3.520000
   0.472500,   3.520000
   0.472750,   3.520000
   0.473000,   3.520000
   0.473250,   3.520000
   0.473500,   3.520000
   0.473750,   3.520000
   0.474000,   3.520000
   0.474250,   3.520000
   0.474500,   3.520000
   0.474750,   3.520000
   0.475000,   3.520000
   0.475250,   3.520000
   0.475500,   3.520000
   0.475750,   3.520000
   0.476000,   3.520000
   0.476250,   3.520000
   0.476500,   3.520000
   0.476750,   3.520000
   0.477000,   3.520000
   0.477250,   3.520000
   0.477500,   3.520000
   0.477750,   3.520000
   0.478000,   3.520000
   0.478250,   3.520000
   0.478500,   3.520000
   0.478750,   3.520000
   0.479000,   3.520000
   0.479250,   3.520000
   0.479500,   3.520000
   0.479750,   3.520000
   0.480000,   3.520000
   0.480250,   3.520000
   0.480500,   3.520000
   0.480750,   3.520000
   0.481000,   3.520000
   0.481250,   3.520000
   0.481500,   3.520000
   0.481750,   3.520000
   0.482000,   3.520000
   0.482250,   3.520000
   0.482500,   3.520000
   0.482750,   3.520000
   0.483000,   3.520000
   0.483250,   3.520000
   0.483500,   3.520000
   0.483750,   3.520000
   0.484000,   3.520000
   0.484250,   3.520000
   0.484500,   3.520000
   0.484750,   3.520000
   0.485000,   3.520000
   0.485250,   3.520000
   0.485500,   3.520000
   0.485750,   3.520000
   0.486000,   3.520000
   0.486250,   3.520000
   0.486500,   3.520000
   0.486750,   3.520000
   0.487000,   3.520000
   0.487250,   3.520000
   0.487500,   3.520000
   0.487750,   3.520000
   0.488000,   3.520000
   0.488250,   3.520000
   0.488500,   3.520000
   0.488750,   3.520000
   0.489000,   3.520000
   0.489250,   3.520000
   0.489500,   3.520000
   0.489750,   3.520000
   0.490000,   3.520000
   0.490250,   3.520000
   0.490500,   3.520000
   0.490750,   3.520000
   0.491000,   3.520000
   0.491250,   3.520000
   0.491500,   3.520000
   0.491750,   3.520000
   0.492000,   3.520000
   0.492250,   3.520000
   0.492500,   3.520000
   0.492750,   3.520000
   0.493000,   3.520000
   0.493250,   3.520000
   0.493500,   3.520000
   0.493750,   3.520000
   0.494000,   3.520000
   0.494250,   3.520000
   0.494500,   3.520000
   0.494750,   3.520000
   0.495000,   3.520000
   0.495250,   3.520000
   0.495500,   3.520000
   0.495750,   3.520000
   0.496000,   3.520000
   0.496250,   3.520000
   0.496500,   3.520000
   0.496750,   3.520000
   0.497000,   3.520000
   0.497250,   3.520000
   0.497500,   3.520000
   0.497750,   3.520000
   0.498000,   3.520000
   0.498250,   3.520000
   0.498500,   3.520000
   0.498750,   3.520000
   0.499000,   3.520000
   0.499250,   3.520000
   0.499500,   3.520000
   0.499750,   3.520000
   0.500000,   3.520000
   0.500250,   3.520000
   0.500500,   3.520000
   0.500750,   3.520000
   0.501000,   3.520000
   0.501250,   3.520000
   0.501500,   3.520000
   0.501750,   3.520000
   0.502000,   3.520000
   0.502250,   3.520000
   0.502500,   3.520000
   0.502750,   3.520000
   0.503000,   3.520000
   0.503250,   3.520000
   0.503500,   3.520000
   0.503750,   3.520000
   0.504000,   3.520000
   0.504250,   3.520000
   0.504500,   3.520000
   0.504750,   3.520000
   0.505000,   3.520000
   0.505250,   3.520000
   0.505500,   3.520000
   0.505750,   3.520000
   0.506000,   3.520000
   0.506250,   3.520000
   0.506500,   3.520000
   0.506750,   3.520000
   0.507000,   3.520000
   0.507250,   3.520000
   0.507500,   3.520000
   0.507750,   3.520000
   0.508000,   3.520000
   0.508250,   3.520000
   0.508500,   3.520000
   0.508750,   3.520000
   0.509000,   3.520000
   0.509250,   3.520000
   0.509500,   3.520000
   0.509750,   3.520000
   0.510000,   3.520000
   0.510250,   3.520000
   0.510500,   3.520000
   0.510750,   3.520000
   0.511000,   3.520000
   0.511250,   3.520000
   0.511500,   3.520000
   0.511750,   3.520000
